#2144,#21331,194,"Geological engineers","Geological engineers","Hydrogeology engineer",https://youtu.be/0euKFwZLAhw,Vancouver,Mainland/Southwest,"As a hydrogeological engineer, Emily’s goal is to prevent water contamination by studying ground water problems and designing solutions. As part of her work, she spends time in the field collecting data and inspecting damage to ground water systems such as wells. Emily is passionate about environmental and social issues and finds her career is the perfect blend of addressing both."
#3215,#32121,193,"Medical radiation technologists","Medical radiation technologists","Radiation therapist",https://youtu.be/OXS0lSll2nI,"Prince George",Cariboo,"Kaitlyn, a radiation therapist, plans and delivers radiation treatments to cancer patients. She counsels patients on side effects and supports them through their treatment process. Kaitlyn finds getting to know each patient, supporting them through treatment and celebrating their milestones the most rewarding aspects of her job."
#2171,#21221,192,"Information Systems Analysts and Consultants","Business systems specialist","Business data analyst",https://youtu.be/zKr1YIi5f6A,"Prince George",Cariboo,"Ruby, a member of the Wet'suwet'en Nation, is a business data analyst for Northern Health in the Lheidli T'enneh territory. She uses her math and problem-solving skills to tell a story with data. Ruby finds her work meaningful because she can use data to make a positive impact in her community. She encourages Indigenous people to pursue a career in data analytics so they can have a say in how data is collected, used and seen."
#4031,#41220,191,"Secondary school teachers","Secondary school teacher","Secondary school art teacher",https://youtu.be/oUyNDMdus5U,Smithers,"North Coast & Nechako","Perry helps students succeed academically and personally through his work as a secondary school art teacher. He cultivates hands-on creative experiences for his students in his classroom that he operates like an open studio. Perry expresses how much teachers, including himself, care about their students and want to make school a positive environment for them to learn, grow and prepare for their future."
#2173,#21211,190,"Software engineers and designers","Data scientists","Machine learning engineer",https://youtu.be/2BackbDu2aY,Vancouver,Mainland/Southwest,"Suro, a machine learning engineer, spends his days building credit models and doing credit risk assessments for small businesses. Through his work, Suro helps small businesses receive the funding they need to stay competitive and grow. He says people entering this career should commit to life-long learning and absorbing knowledge from others in the industry."
#2241,#22310,189,"Electrical and electronic engineering technologists and technicians","Electrical and electronic engineering technologists and technicians","Marine technician and remotely operated vehicle (ROV) pilot",https://youtu.be/e5CBflHUPDs,"Prince Rupert","North Coast & Nechako","Hamza, a marine technician and remote vehicle pilot, uses his math skills, curiosity and patience to maintain the fleet of tugboats at SAAM Towage in Prince Rupert. He uses tools such as remotely operated vehicles for underwater inspections, ensuring that the boats are in safe working condition. "
#3219,#33103,188,"Other medical technologists and technicians (except dental health)","Pharmacy technical assistants and pharmacy assistants","Pharmacy assistant",https://youtu.be/t9Ir5Mb-HwY,Terrace,"North Coast & Nechako","As a pharmacy assistant, Tish works in a retail environment and prepares prescriptions for patients, ensuring they receive the correct medications and dosages. Tish also recommends over-the-counter medications to those who come into the pharmacy seeking advice. Tish enjoys working in a team where everyone’s roles and responsibilities complement one another to achieve the same goal of helping people feel better."
#7294,#73112,187,"Painter and decorators (except interior decorators)","Painter and decorators (except interior decorators)",Painter,https://youtu.be/dJBJZVyMnVQ,"Dawson Creek",Northeast,"Karla runs her own painting business and uses her skills to help people feel happier in their workplace or home. She pays careful attention to detail, ensuring her customers get a high-quality result. Karla’s favourite part of her job is meeting people and getting to brighten their day by going above and beyond their expectations. "
#2121,#21110,186,"Biologists and related scientists","Biologists and related scientists","Marine ecosystems biologist",https://youtu.be/Y-5nEOk69lY,"Prince George",Cariboo,"Aaron’s work as an aquatic ecosystems biologist involves field work like collecting and observing environmental samples and in-office work such as data analysis and report writing. A career as a biologist is a great choice for those that love being outdoors, are passionate about the environment and don’t mind getting their hands dirty."
#2171,#21220,185,"
Information systems analysts and consultants","Cybersecurity specialists","Cybersecurity analyst",https://youtu.be/aAVrYtZyo50,"Prince George",Cariboo,"As a cybersecurity analyst for the College of New Caledonia, Hawkeye monitors, prevents and responds to cyberattacks, ensuring the safety of data and systems. His work involves investigation and problem solving, which make Hawkeye feel like a detective. He also regularly researches to stay up to date on evolving cyber threats. His job isn’t always easy, but he enjoys solving problems and having positive interactions with the people he is helping and his colleagues in the field."
#7241,#72200,184,"Electricians (Except Industrial and Power System)","Electricians (except industrial and power system)",Electrician,https://youtu.be/Iphb6H8B9W4,Kelowna,Thompson-Okanagan,"Chad, a master electrician in Kelowna, answers service calls to fix electrical issues in residences. He also completes renovations and new building projects for clients. Chad gives Mariam an overview of the tools he needs to do his job and explains the process of becoming a certified Red Seal electrician. "
#4214,#42202,183,"Early childhood educators and assistants","Early childhood educators and assistants","Early childhood educator",https://youtu.be/Itg5PS29BKU,Kelowna,Thompson-Okanagan,"Brenna, early childhood educator and manager of Kelowna’s Aboriginal Head Start program, works with three- to five-year-old children of First Nations, Métis and Inuit heritage to teach them language, social skills and cultural identity. Giving children the opportunity to be proud of who they are and where they come from is the most fulfilling aspect of Brenna’s work."
#0213,#20012,182,"Computer and information Systems Managers","Computer and information systems managers","Computer and information systems manager",https://youtu.be/GYV76mxDL4Q,Vancouver,Mainland/Southwest,"Osner, a computer and information systems manager in Vancouver, translates human language into code, bringing client ideas into reality, usually with the goal of simplifying tasks via software. Osner emphasizes the importance of ongoing learning in this career field as technology is always changing and evolving."
#2174,#21232,181,"Computer programmers and interactive media developers","Software developers and programmers","Virtual reality software developer",https://youtu.be/8OoS_PLEMm0,Vancouver,Mainland/Southwest,"Aamrah, a virtual reality software developer in Vancouver, walks Mariam through the process of developing a virtual reality game. Problem-solving through creativity, logic, math and coding makes Aamrah feel like she’s a wizard doing magic!"
#4152,#41300,180,"Social workers","Social workers","Social worker",https://youtu.be/vtgOv5ap5IA,Nelson,Kootenay,"Malorie works as the service accessibility manager at the Kootenay Career Development Society in Nelson to develop programs and provide services to help people facing barriers to employment. The most rewarding part of Malorie’s career in social work is feeling like she’s helping to make the world a better place.  "
#4032,#41221,179,"Elementary school and Kindergarten Teachers","Elementary school and kindergarten teachers","Kindergarten teacher",https://youtu.be/D6QlqkQu5mU,Victoria,"Vancouver Island/Coast","Carolyn, a kindergarten teacher in Victoria, guides her students to becoming mindful individuals. The most rewarding part of her job is watching her students grow and gain the language needed to express themselves. "
#2131,#21300,178,"Civil Engineers","Civil engineers","Civil engineer",https://youtu.be/SmOXVn0NRjk,Victoria,"Vancouver Island/Coast","Corey, civil engineer and owner of Gwaii Engineering in Victoria, works with land surveyors and architects to plan, design and develop infrastructure. Corey’s clients are often private land developers but also First Nations communities. The most rewarding part of his job is servicing his community. "
#6341,#63210,177,"Hairstylist and Barber","Hairstylists and barbers",Barber,https://youtu.be/P_qh9m4lkcY,Victoria,"Vancouver Island/Coast","Troy, owner of Status Barber Shop in Victoria, shows Mariam the tools and processes barbers use to give their customers great haircuts and styles. Troy feels passionately about helping people look and feel their best.  "
#7521,#73400,176,"Heavy Equipment Operators (Except Crane)","Heavy equipment operators","Heavy equipment operator",https://youtu.be/8oj2YxsdmQM,Nelson,Kootenay,"Matt, owner of Kays Contracting in Nelson, describes the daily tasks and responsibilities of heavy equipment operators, emphasizing the amount of planning and attention to detail required. Matt has learned through experience that a career in trades is rewarding and there are always new and exciting projects to work on."
#7321,#72410,175,"Automotive Service Technicians, Truck and Bus Mechanics and Mechanical Repairers","Automotive service technicians, truck and bus mechanics and mechanical repairers","Electric vehicle mechanic",https://youtu.be/k8klzO8Jaco,Nelson,Kootenay,"Doug, automotive service technician and owner of Downtown Automotive in Nelson, solves his customers’ car problems and educates them on how to take care of their vehicles. He demonstrates hands-on how to access the computer system of an electric vehicle. Doug stresses the importance of specializing in a particular area of the trade due to the different types of automotive transportation. Solving problems is the most rewarding part of his career."
#3114,#31103,174,Veterinarian,Veterinarians,Veterinarian,https://youtu.be/mI2Swv-T610,Burnaby,Mainland/Southwest,"Being a veterinarian involves the care and well being of animals. Mariam watches as Caitlin performs a physical exam on a dog named Miss Piglet. Caitlin shares that working in animal medicine is like solving a mystery, looking at pattern recognition and trying to put the pieces together."
#9243,#92101,173,"Water and Waste Treatment Plant Operators","Water and waste treatment plant operators","Water treatment plant supervisor",https://youtu.be/7ZXRvtCZvZI,Kamloops,Thompson-Okanagan,"Darrell, a water treatment plant supervisor, takes Mariam on a tour of the Tk’emlúps te Secwépemc Water Treatment Plant in Kamloops. He takes pride in his job knowing the community has quality drinking water. "
#2152,#21201,172,"Landscape Architects","Landscape architects","Landscape architect",https://youtu.be/VgEZ7jSAah0,Vancouver,Mainland/Southwest,"Pearl, a Vancouver landscape architect, shows Mariam the types of outdoor spaces she designs. She says the most rewarding part of her job is seeing something that she has designed built as she imagined it and seeing people enjoying that space. "
#0423,#40030,171,"Managers in Social, Community and Correctional Services","Managers in social, community and correctional services","Director of counselling",https://youtu.be/lZU3XmxNgAc,"Port Coquitlam",Mainland/Southwest,"As a director of counselling, Ofir shares with Mariam his daily responsibilities of seeing clients, supporting his counsellors and training new counsellors in the practicum program. “The goal is to improve our clients’ lives to the best of our abilities.” "
#3132,#31121,170,"Dietitian and Nutritionist","Dietitians and nutritionists","Registered dietitian",https://youtu.be/zhCAWGHIZSM,Burnaby,Mainland/Southwest,"Annie, a registered dietitian, explains to Mariam how a client’s medical history, diet history and living situation are all connected. She is passionate about her role as a dietitian and helping her clients get to a healthy state. "
#7315,#72404,169,"Aircraft Mechanics and Aircraft Inspectors","Aircraft mechanics and aircraft inspectors","Aircraft maintenance engineer",https://youtu.be/KfGd0MlS71E,Vancouver,Mainland/Southwest,"Siraj takes Mariam on an inspection of an airplane, ensuring all components are safe for it to return to the sky. Watch as he explains how his job involves troubleshooting and digging deeper to solve problems. "
#2242,#22311,168,"Electronic Service Technicians (Household and Business Equipment)","Electronic service technicians (household and business equipment)","Audio visual technician project manager",https://youtu.be/upD9AaYOcUo,Vancouver,Mainland/Southwest,"Meet Lukas, an audio visual technician, who connects people through technology. He explains to Mariam how understanding technical requirements and being able to troubleshoot is an important part of the job."
#3141,#31112,167,"Audiologist and Speech Language Pathologist","Audiologists and speech-language pathologists",Audiologist,https://youtu.be/0OdAhEoNp9E,Vancouver,Mainland/Southwest,"Watch as Mariam travels to North Vancouver to meet Danielle, an audiologist. Danielle’s focus is to help people manage their hearing health and to ease communication difficulties. She describes an audiological assessment and explains what a great sense of accomplishment knowing how much she is changing someone’s life. "
#3232,#32200,166,"Practitioners Of Natural Healing","Traditional Chinese medicine practitioners and acupuncturists",Acupuncturist,https://youtu.be/2uBZhsMRmrc,"East Vancouver",Mainland/Southwest,"Sara, an acupuncturist, explains to Mariam how acupuncture can treat pain and help people get back to optimal health. The most rewarding part of her job is when her clients realize how powerful acupuncture is and how able their body is to heal."
#7233,#72102,165,"Sheet Metal Worker","Sheet metal workers","Sheet metal worker",https://youtu.be/HbtQrE984Uc,Surrey,Mainland/Southwest,"Sheet metal workers fabricate, assemble, install and repair sheet metal products. In Surrey, Mariam meets a sheet metal worker who gives her a tour of the plant and explains the importance of air flow through pipes and ducting in buildings. The best part of her job is pride in her work."
#0601,#60010,164,"Corporate Sales Manager","Corporate sales managers","Corporate sales manager",https://youtu.be/VSHGg7LogAw,Vancouver,Mainland/Southwest,"Mariam is in downtown Vancouver meeting a corporate sales manager who works in the hospitality industry and develops sales strategies for corporate clients. She says that curiosity is important in this role; it allows her to understand her customer better and fulfil their needs."
#7251,#72300,163,Plumber,Plumbers,Plumber,https://youtu.be/U6JMEzevvyc,Vancouver,Mainland/Southwest,"Mariam meets a plumber in Vancouver who loves to work with hands. He talks about installing furnaces and boilers and what training and apprenticeship is required in this career."
#6235,#63102,162,"Financial Sales Representative","Financial sales representatives","Financial sales representative",https://youtu.be/i0z8tL3a22g,Vancouver,Mainland/Southwest,"Mariam meets a financial   sales representative in Vancouver who explains how he supports his clients’ financial portfolios by understanding their needs and providing an appropriate solution. He believes that the best sales people are those who are great at listening."
#7253,#72302,161,"Gas Fitter","Gas fitters","Gas fitter",https://youtu.be/emqjb08a6zY,Terrace,"North Coast & Nechako","Mariam travels to Terrace and meets a gas fitter. She tours his shop and learns about fabricating and fitting different gas systems. Discover what’s challenging and rewarding about this career. "
#1243,#13112,160,"Medical Administrative Assistant","Medical administrative assistants","Medical office assistant",https://youtu.be/w3tpMweWq-s,Kitimat,"North Coast & Nechako","A medical office assistant based in Kitimat doctor’s office describes how she supports her doctor and his patients. She explains that to be effective you need to be organized, have a helping attitude and be eager to learn."
#8432,#85103,159,"Nursery and Greenhouse Workers","Nursery and greenhouse labourers","Nursery and greenhouse worker",https://youtu.be/8zt55n163xc,Vancouver,Mainland/Southwest,"Mariam visits a greenhouse worker in Dawson Creek and discovers what it takes to grow greenhouse vegetables and plants. She works with her hands and enjoys both the solitude while transplanting and interacting with customers."
#3211,#32120,158,"Medical Laboratory Technologist","Medical laboratory technologists","Medical laboratory technologist",https://youtu.be/eym_kFvGDQc,"Prince George",Cariboo,"Mariam visits a medical laboratory technologist in Prince George who conducts lab tests, experiments, and analyses which help diagnose, treat and prevent disease. She finds her career rewarding and says it literally has an impact on saving lives."
#3121,#31111,157,Optometrist,Optometrists,Optometrist,https://youtu.be/7Vj2pUT0JQU,"Prince George",Cariboo,"Mariam meets an optometrist in Prince George who explains the importance of vision, what to expect during an eye exam, and how to become an optometrist. He emphasizes – Becoming a good listener is an important skill in this career."
#6311,#62020,156,"Food Services Supervisor","Food service supervisors","Operations manager",https://youtu.be/VFhY-BSijjw,"Prince George",Cariboo,"Mariam travels to Prince George and meets an operations manager  for a catering company. From planning events to managing inventory to customer service, she describes how she stays organized. The best part of all are the gratifying aspects of her job."
#0912,#90011,155,"Utilities Managers","Utilities managers","Compost coordinator",https://youtu.be/VdawKA9V8Yk,Vernon,Thompson-Okanagan,"Mariam meets the compost coordinator with the city of Kelowna. She takes a tour of the facility and learns about the phases of compost production. See how this “feel-good job” takes something that is usually a waste and turns it into something that is good for the environment."
#5221,#53110,154,Photographer,Photographers,Photographer,https://youtu.be/tF8OwRNAugY,Kelowna,Thompson-Okanagan,"Mariam travels to Kelowna to meet a photographer who shows her what's involved in capturing great moments. This career offers variety in location, schedule and clients. Her sense of adventure and creativity along with her emotional intelligence allows people to feel at ease in front of the camera."
#2241,#22310,153,"Electrical and Electronics Engineering Technologists And Technicians","Electrical and electronics engineering technologists and technicians","Electrical technologist",https://youtu.be/QkT9WoAm8mU,Burnaby,Mainland/Southwest,"Mariam heads to a BC Hydro office in Burnaby to meet an electrical technologist. He explains how he purchases high quality electrical equipment, conducts quality control and what he enjoys most about the job: hands-on work troubleshooting in the field."
#6221,#62100,152,"Technical Sales Specialist - Wholesale Trade","Technical sales specialists - wholesale trade","Technical sales consultant",https://youtu.be/1nH0ruOZOyA,"New Westminster",Mainland/Southwest,"Mariam meets a technical sales consultant in New Westminster who explains how she sells products to scientists to carry out their experiments. The most rewarding part of her job is helping solve issues so that researchers have successful outcomes."
#3122,#31201,151,Chiropractor,Chiropractors,Chiropractor,https://youtu.be/rv3kkqkpFfw,Vancouver,Mainland/Southwest,"A chiropractor in Vancouver shows Mariam how she works with clients doing chiropractic assessments, adjustments, soft tissue therapy and teaching exercises. Her role in improving her patients’ quality of life is the greatest reward of the job."
#2132,#21301,150,"Mechanical Engineers","Mechanical engineers","Robotics engineer",https://youtu.be/7kr-Bhk_X94,Abbotsford,Mainland/Southwest,"In Abbotsford, Mariam meets a robotics engineer, who loves designing robotics products and programming mechanical automation. She learns about the importance of calibration in automation and robotics and that robots will never replace humans!"
#0211,#20010,149,"Engineer Managers","Engineering managers","Engineer manager",https://youtu.be/8zYTf-IqDMk,Vancouver,Mainland/Southwest,"Mariam meets an industrial engineer and project manager in Vancouver whose focus is quality assurance and continuous process improvement. She explains how building relationships and challenging the status quo are key to successful continuous process improvements. "
#5242,#52121,148,"Interior Designer","Interior designers and interior decorators","Interior designer",https://youtu.be/SiWm2NWTBH0,Vancouver,Mainland/Southwest,"Mariam meets a Vancouver-based interior designer who explains how his job involves creating a vision and coming up with innovative designs to fulfill the clients’ needs. She learns about his passion for the arts and how interior design is a blend of architecture, fashion and graphic design."
#4413,#43100,147,"Elementary and Secondary School Teacher Assistants","Elementary and secondary school teacher assistants","Teacher's assistant",https://youtu.be/OzgnNfkXuho,Vancouver,Mainland/Southwest,"Brian visits a middle school to meet a teacher’s assistant whose career is supporting both teachers and students. “The job,” he says, “is about helping students understand why they’re awesome.”"
#6541,#64410,146,"Security Guards and Related Security Service Occupations","Security guards and related security service occupations","Security officer",https://youtu.be/bV9-O1aLyrs,Victoria,"Vancouver Island/Coast","Brian goes to Victoria to learn about the career of a security officer—and gets to explore the Royal BC Museum exhibits that she protects! A big part of this job is customer service, and in her opinion it’s the best part."
#1221,#13100,145,"Administrative Officers","Administrative officers","Production manager",https://youtu.be/lJJfYtIeev8,Vancouver,Mainland/Southwest,"A production manager walks Brian through a day in the life of her busy career in a film company. From beginning to end, she manages up to 16 projects at a time!"
#6411,#64101,144,"Sales and Account Representatives - Wholesale Trade (Non-Technical)","Sales and account representatives - wholesale trade (non-technical)","Account manager",https://youtu.be/tN1H0hxjJTs,Vancouver,Mainland/Southwest,"An account manager for a corporate travel agency takes Brian on a tour of this career. He arranges everything from cars, hotels and flights for his company’s clients, getting them home to their families and making their day easier."
#0712,#70011,143,"Home Building and Renovation Managers","Home building and renovation managers","Home and building renovations manager",https://youtu.be/nXfp3Ef5SPQ,Coquitlam,Mainland/Southwest,"Brian goes to Coquitlam to visit the work site of a home building and renovations manager, whose job it is to manage a renovation from the drawing phase to the last coat of paint."
#2112,#21101,142,Chemists,Chemists,"Chemistry lab manager",https://youtu.be/mgi-iWMq1eY,Vancouver,Mainland/Southwest,"Brian visits a Vancouver-based brewery to meet a chemistry lab manager. This career requires a passion for science and the scientific method, which she has! She loves the little “aha!” moments that happen during a discovery."
#1242,#13111,141,"Legal Administrative Assistants","Legal administrative assistants","Legal administrative assistant",https://youtu.be/2cS63-hyf4Y,Vancouver,Mainland/Southwest,"Brian visits a Vancouver-based family law office to meet a legal administrative assistant. To be successful in this career, it’s important to be very organized to help make sure each day is seamless for the lawyers in the firm."
#2263,#22232,140,"Inspectors in Public and Environmental Health and Occupational Health and Safety","Occupational health and safety specialists","Health and safety consultant",https://youtu.be/LmvZ_XMUuUc,Vancouver,Mainland/Southwest,"Brian meets with a health and safety consultant whose job is to look for potential dangers in the workplace and provide solutions. A reward of this career is knowing that people will make it home safe and sound."
#4164,#41403,139,"Social Policy Researchers, Consultants and Program Officers","Social policy researchers, consultants and program officers","Social policy consultant",https://youtu.be/EaE0PMmxN1M,Vancouver,Mainland/Southwest,"A social policy consultant works with companies and communities. Her job is to understand both sides, and then help them to understand each other. Brian goes to her office in Vancouver to learn more about this career."
#6562,#63211,138,"Estheticians, Electrologists and Related Occupations","Estheticians, electrologists and related occupations","Tattoo artist",https://youtu.be/M4HnqVyH0gQ,Mission,Mainland/Southwest,"She turned a hobby into a career, and now she gets to create art that people can cherish and love forever. Brian goes to Mission to meet a tattoo artist and learn all about this creative career."
#0513,#50012,137,"Recreation, Sports and Fitness Program and Service Directors","Recreation, sports and fitness program and service directors","Recreation director",https://youtu.be/QLRs7dnvn0E,Vancouver,Mainland/Southwest,"Brian meets the director of the BC Wheelchair Basketball Society’s Let’s Play program, which helps to keep kids active. Her job includes planning activities, coaching and more. She loves helping people improve their quality of life."
#4411,#44100,136,"Home Child Care Providers","Home child care providers","Home child care provider",https://youtu.be/ZWeY7fy2iyM,Vancouver,Mainland/Southwest,"Brian visits a home child care provider in Vancouver and observes how she looks after the well-being and social development of children in her care. “This career is suited to someone who is loving, caring and loves being around children”."
#3111,#31100,135,"Specialist Physicians","Specialists in clinical and laboratory medicine",Psychiatrist,https://youtu.be/isFI0eqGFBg,"Prince George",Cariboo,"A psychiatrist in Prince George meets with Brian and shares how she helps people.  She notes that excellent listening and communication skills are essential in her role. She finds it very rewarding helping people to improve their lives."
#5225,#52113,134,"Audio and Video Recording Technicians","Audio and video recording technicians","Audio video technician",https://youtu.be/kELGabgwMQk,"Prince George",Cariboo,"Brian meets with an AV technician who shows how he installs and operates lighting, audio and visual equipment to create event spaces—­all within 24 hours!  He says half the job is technical and the other half is service related."
#2253,#22212,133,"Drafting Technologists and Technicians","Drafting technologists and technicians","Drafting technician",https://youtu.be/-zpx84KT_8s,"Prince George",Cariboo,"A drafting technician shows Brian how he prepares drawings and process diagrams to map industrial projects. In his work he uses computers to develop models, and sometimes does field work to collect notes and measurements using 3D scanners."
#5122,#51110,132,Editors,Editors,"Managing editor",https://youtu.be/UsLsx3o55Wk,"Dawson Creek",Northeast,"Brian interviews a managing editor from Dawson Creek and learns what’s involved in editing a newspaper—­ both online and in print. It’s a fast-paced job where it’s critical to see fine details and be knowledgeable in a variety of areas."
#1411,#14100,131,"General Office Support Workers","General office support workers","General office support worker",https://youtu.be/4867Bc9ktDw,"Ft. St. John",Northeast,"An office support worker from Fort St. John explains the importance of being detail-oriented and having clerical skills in her role. The most rewarding part of her job is providing the best service possible to her colleagues and clients."
#4412,#44101,130,"Home Support Workers, Housekeepers and Related Occupations","Home support workers, caregivers and related occupations","Home support worker",https://youtu.be/PJu38LNOtRg,Castlegar,Kootenay,"Brian travels to Castlegar to meet a home support worker, and learns how rewarding it is to play a role in providing care and companionship to seniors.  Workers in this field help their clients keep their independence and mobility."
#4161,#41400,129,"Natural and Applied Science Policy Researchers, Consultants and Program Officers","Natural and applied science policy researchers, consultants and program officers","Natural science policy program manager",https://youtu.be/ibMhoXvmItc,Nelson,Kootenay,"Brian meets a natural science policy program manager who says that her job is a mix of office and field work.  She conducts research and gives advice on environmental projects. It’s rewarding for her to see improvements to wildlife areas."
#6231,#63100,128,"Insurance Agents and Brokers","Insurance agents and brokers","Insurance broker",https://youtu.be/0iRvVzxuJmc,Nelson,Kootenay,"Brian meets a Nelson insurance broker who explains the job involves giving sound advice and customizing insurance plans to suit her clients’ needs. She enjoys this role, as she likes working with people and because no two days are the same."
#2282,#22221,127,"User Support Technicians","User support technicians","User support technician",https://youtu.be/Udl63UA2U0c,Nelson,Kootenay,"A user support technician talks to Brian about how he provides technical support to clients who are experiencing issues with their computers or devices. This job is about research, problem solving and communicating solutions to customers."
#3222,#32111,126,"Dental Hygienists and Dental Therapists","Dental hygienists and dental therapists","Dental hygienist",https://youtu.be/iyO906A2Iwo,Summerland,"Thompson-Okanagan  ","A dental hygienist shares with Brian all the elements of her job, from reviewing clinical data to cleaning and polishing teeth. She explains that educating her clients on how to keep a healthy smile is also a big part of her job."
#9417,#94106,125,"Machining Tool Operators","Machining tool operators","CNC machine operator",https://youtu.be/Ptsj6-V-qu8,Penticton,Thompson-Okanagan,"A machine operator gives Brian a tour of his shop where he transforms raw steel plates into finished products. He takes care to be precise and accurate to ensure quality. He says “when you have pride in your work, it makes work enjoyable.”"
#6211,#62010,124,"Retail Sales Supervisors","Retail sales supervisors","Retail sales supervisor",https://youtu.be/deNr7yOyK2Y,Kelowna,Thompson-Okanagan,"Brian heads to Kelowna to meet a retail sales supervisor at a natural pet food store. Her duties include hiring and supervising staff, maintaining inventories, overseeing social media and ensuring customer satisfaction."
#5121,#51111,123,"Authors and Writers","Authors and writers (except technical)",Author,https://youtu.be/WEZU4d9Szqo,Kelowna,Thompson-Okanagan,"Brian interviews an author who describes a typical day in her career. She offers advice for those just starting out, noting that you have to be persistent. She also describes some other avenues that authors may take in their career."
#3216,#32122,122,"Medical Sonographers","Medical sonographers","Medical sonographer",https://youtu.be/IHDU67A0uAM,Kelowna,Thompson-Okanagan,"A Kelowna medical sonographer shows Brian how she takes diagnostic ultrasound images and prepares preliminary findings to help in a patient’s diagnosis. She takes images of babies, but explains she also does a wide variety of imaging."
#2281,#22220,121,"Computer Network Technicians","Computer network and web technicians","Computer network technician",https://youtu.be/ISMsrEsaOWs,"West Vancouver",Mainland/Southwest,"A computer network technician takes Brian through a typical day of working on networks, hardware, software and computer equipment.  What he really likes about this career is that it “is changing all the time in a good, positive way”."
#5227,#53111,120,"Support Occupations in Motion Pictures, Broadcasting, Photography and The Performing Arts","Motion pictures, broadcasting, photography and performing arts assistants and operators","Boom operator",https://youtu.be/9qSjMOb9Vj0,Vancouver,Mainland/Southwest,"Brian interviews one of Career Treks’ own crew—a boom operator!  He operates the boom microphone and assists the production sound mixer. He says it’s a great career if you want to work in film, with technology, and with creative people."
#2133,#21310,119,"Electrical and Electronics Engineers","Electrical and electronics engineers","Electrical engineer",https://youtu.be/V3gjgqxN238,Vancouver,Mainland/Southwest,"Brian interviews an electrical engineer who plans and designs electrical systems for buildings. She says engineering is about innovation, creativity, and problem solving. It also involves a lot of teamwork—her favourite part of the job."
#1222,#12100,118,"Executive Assistants","Executive assistants","Executive assistant",https://youtu.be/mnti-_qFxA8,Vancouver,Mainland/Southwest,"An executive assistant with the Vancouver Canucks meets Brian and describes how she supports her executive. She explains that to be effective you need to be organized and have excellent communication and relationship building skills."
#3124,#31302,117,"Allied Primary Health Practitioners","Nurse practitioners","Nurse practitioner",https://youtu.be/uSxv2k_PlqY,Chemainus,"Vancouver Island/Coast","Brian visits a nurse practitioner at the H’ulh-etun health centre who explains that she diagnoses illnesses, performs procedures and promotes healthy living and disease prevention to make sure her patients’ health-care needs are met."
#1431,#14200,116,"Accounting and Related Clerks","Accounting and related clerks","Accounting clerk",https://youtu.be/aWn7mULLowQ,Victoria,"Vancouver Island/Coast","Brian heads to Victoria to meet an accounting clerk who shares that he works on accounts payable and receivable, financial statements, and more. He really likes working with clients to help them achieve their financial goals."
#2151,#21200,115,Architects,Architects,Architect,https://youtu.be/5mA9sIMvTzE,Victoria,"Vancouver Island/Coast","An architect shows Brian how he uses sketches, technical drawings and 3D animation in his work. He talks about the many areas an architect can specialize in, from design architecture to technical architecture to business ownership."
#3231,#32100,114,Opticians,Opticians,Optician,https://youtu.be/z3SdQ3g0PR0,Victoria,"Vancouver Island/Coast","An optician describes her job as a blend of helping people find glasses, and doing adjustments and repairs. Her work requires problem solving and an eye for detail. She loves helping people find glasses that they’re excited to wear."
#2174,#21232,113,"Computer Programmers and Interactive Media Developers","Software developers and programmers","Software developer",https://youtu.be/i-SNbWdyCLg,Victoria,"Vancouver Island/Coast","Viviana talks to a software developer about the skills he uses in his job. During the visit, he explains that his field is dynamic and growing, with a lot of opportunities. His advice is that if you are interested in this career, start your training early."
#2175,#21234,112,"Web Designers And Developers","Web developers and programmers","Web developer",https://youtu.be/n1XvWSkQBqA,Victoria,"Vancouver Island/Coast","When Viviana talks to a web developer, she learns the skills to success in this career. You must be able to visualize and come up with fresh ideas, as well as understand code and be good at math. Also, ongoing learning is key because the technology is always changing."
#1311,#12200,111,"Accounting Technicians and Bookkeepers","Accounting technicians and bookkeepers",Bookkeeper,https://youtu.be/uoWPgJrJbmU,"Prince Rupert","North Coast & Nechako","In Prince Rupert, Viviana meets a bookkeeper, who loves making sure numbers are entered correctly into the accounting system. In this career, organizational skills are key, as well as being detail-oriented, good with numbers and accurate. "
#0122,#10021,110,"Banking, Credit and Other Investment Managers","Banking, credit and other investment managers","Account manager",https://youtu.be/iBQlSfAHDoY,Terrace,"North Coast & Nechako","An account manager solves clients’ problems and helps them achieve their financial goals. It’s important to be social for this work, and as Viviana finds out, there is nothing boring about it—no two clients, situations or days are the same in this fast-paced career. "
#7237,#72106,109,"Welders and Related Machine Operators","Welders and related machine operators",Welder,https://youtu.be/wM6gG_woqmk,Terrace,"North Coast & Nechako","In this hands-on, diverse job, a welder can work on projects from building boats to erecting steel buildings to repairing equipment out in the field. Viviana gets to try out welding as she learns about this job, its rewarding aspects and the path to this career. "
#1111,#11100,108,"Financial Auditors and Accountants","Financial auditors and accountants","Chartered professional accountant",https://youtu.be/s9Tk7nraMcM,"Williams Lake",Cariboo,"Even though he does personal and corporate taxes, audits and “compiles numbers” for reports, Viviana learns a chartered professional accountant’s work is centred on people. A common misconception, he says, is the job is dry and boring, but it’s actually a lot of fun! "
#0621,#60020,107,"Retail and Wholesale Trade Managers","Retail and wholesale trade managers","Retail manager",https://youtu.be/AT9TaZqWmT0,Nelson,Kootenay,"In Nelson, Viviana meets a retail manager at a busy sports gear store. He describes his work, which involves managing staff, guiding the team, and selling products to customers. He also talks about the career’s opportunities for growth."
#0711,#70010,106,"Construction Managers","Construction managers","Construction manager",https://youtu.be/3NsPnDWtLg0,Kelowna,Thompson-Okanagan,"As a young man he loved building things. Now he develops people instead of buildings and instead of working with his hands, he works with his experience. Viviana visits a construction manager at his job site, where no two days are the same. "
#7311,#72400,105,"Construction Millwrights and Industrial Mechanics","Construction millwrights and industrial mechanics","Construction millwright",https://youtu.be/PykipkwcOIU,Kelowna,Thompson-Okanagan,"Viviana meets with the person who maintains and repairs equipment in a Kelowna sawmill. For this construction millwright, the best part of his detail-oriented career is “getting that piece of equipment back up and running.”"
#6321,#62200,104,Chefs,Chefs,Chef,https://youtu.be/e2EZ5Zv0nfg,Kelowna,Thompson-Okanagan,"Viviana cooks with a chef, who describes himself as a creator of food, a keeper of standards, and an enforcer of policies. She discovers that this career is not just about food—it involves problem-solving, motivating people and being a good leader."
#4212,#42201,103,"Social and Community Service Workers","Social and community service workers","Social and community service worker",https://youtu.be/n2QZK3uSk5Y,Oliver,Thompson-Okanagan,"This career is “more than a job,” as Viviana learns when she meets with a social and community worker, who feels honoured to be with community members during their most vulnerable time. She empowers the community, leading them toward health and wellness. "
#3214,#32103,102,"Respiratory Therapists, Clinical Perfusionists and Cardiopulmonary Technologists","Respiratory therapists, clinical perfusionists and cardiopulmonary technologists","Respiratory therapist",https://youtu.be/t8YWz8o5HYQ,Vancouver,Mainland/Southwest,"Viviana visits a hospital to talk to a respiratory therapist, who looks after the breathing portion of a patient’s life support. He is part of a multi-disciplinary team that helps patients regain their health, one of the many rewarding aspects of his job. "
#3233,#32101,101,"Licensed Practical Nurses","Licensed practical nurses","Licensed practical nurse",https://youtu.be/fUdiEP-FD9g,Vancouver,Mainland/Southwest,"The first stop and the last stop, the licensed practical nurse is there throughout a patient’s stay in the hospital. Among her many tasks, she ensures continuity of care, administers injections and tracks vitals. One of the rewards of this career is saving lives. "
#4311,#42100,100,"Police Officers (Except Commissioned)","Police officers (except commissioned)","Police officer",https://youtu.be/rx1iBH9-hLs,Victoria,"Vancouver Island/Coast","During a visit at the Victoria Police Department, Viviana rides with a police officer, is shown around the station and learns about forensic technology. Discover the rewards that come with serving the community in this multi-faceted job. "
#1123,#11202,99,"Professional Occupations In Advertising, Marketing and Public Relations","Professional occupations in advertising, marketing and public relations","Advertising marketer",https://youtu.be/zXBY9QH_dhU,Victoria,"Vancouver Island/Coast","Viviana goes to Victoria to meet an advertising marketer who works with clients to develop and evolve their brand strategies. This career would be ideal for someone who is creative, innovative, and entrepreneurial—and thrives under the pressure of deadlines. "
#0112,#10011,98,"Human Resources Managers","Human resources managers","Human resources manager",https://youtu.be/B8Lubga0tNA,Vancouver,Mainland/Southwest,"Viviana talks to a human resources manager at a non-profit organization and finds out that this career involves being a jack of all trades. Her roles range from hiring staff and helping employees advance in their careers to “teaching leaders to be better leaders”. "
#4011,#41200,97,"University Professors and Lecturers","University professors and lecturers","University professor",https://youtu.be/-D8kxS8BQfw,Vancouver,Mainland/Southwest,"Viviana meets a chemistry professor at a university, who describes her typical day. It includes collaborating with people and time in the research lab, the lecture hall and in her office. She finds learning something new from her bright students to be very rewarding."
#1414,#14101,96,Receptionists,Receptionists,Receptionist,https://youtu.be/gCizwITonaY,Vancouver,Mainland/Southwest,"Viviana visits a receptionist, the first person people see when they enter a business—but who does so much more than greet visitors. Viviana is walked through answering the phone, preparing paperwork, and keeping everyone in a busy office organized and on track."
#7362,#73311,95,"Railway Conductors and Brakemen/Women","Railway conductors and brakemen/women",Conductor,https://youtu.be/-nSmJnTBjhE,"Port Coquitlam",Mainland/Southwest,"Viviana visits Port Coquitlam to find out how railway conductors help get trains safely to their destinations. She talks to a conductor who describes a physical job on the move, with her favourite part “working with all the great people.” "
#0015,#00018,94,"Senior Managers - Trade, Broadcasting and Other Services, N.e.c.","Senior managers - public and private sector","Chief financial officer",https://youtu.be/B4ztw5v9CzY,Vancouver,Mainland/Southwest,"Viviana meets a chief financial officer of a Vancouver chocolate manufacturer. Touring the factory, she learns about the financial side of business management and his roles as a leader and executive team member of a growing company. "
#5222,#52110,93,"Film and Video Camera Operators","Film and video camera operators","Camera operator",https://youtu.be/Vnl2WRaqu5g,Vancouver,Mainland/Southwest,"A Vancouver camera operator shows Viviana what’s involved in capturing great moments on screen. Her exciting career offers daily variety in location, schedule and people, and she also likes the opportunity for continued growth and learning. "
#5131,#51120,92,"Producers, Directors, Choreographers and Related Occupations","Producers, directors, choreographers and related occupations",Producer,https://youtu.be/OXvsdJs1v0o,Vancouver,Mainland/Southwest,"Viviana heads to a Vancouver TV studio to interview a producer, who explains how she communicates the program vision to the crew. In this fast-paced environment, each day is different. Seeing the end product of her efforts is “really cool.”"
#5243,#53123,91,"Theatre, Fashion, Exhibit and Other Creative Designers","Theatre, fashion, exhibit and other creative designers","Fashion designer",https://youtu.be/IfCgW_rmOo0,Vancouver,Mainland/Southwest,"A Vancouver fashion designer shows Viviana how he follows and incorporates current trends in his collections. Deadline-driven but flexible, this social, hands-on career emphasizes being creative and working as part of a team. "
#5226,#52119,90,"Other Technical and Co-Ordinating Occupations in Motion Pictures, Broadcasting and The Performing Arts","Other technical and coordinating occupations in motion pictures, broadcasting and the performing arts","Special effects makeup",https://youtu.be/0U9LpYQjiuc,Coquitlam,Mainland/Southwest,"Viviana tours a special effects makeup artist’s Coquitlam studio and observes the creative process at work. This fascinating job combines fine art and problem-solving challenges. Seeing the finished product is the crowning part of the day. "
#4162,#41401,89,"Economists and Economic Policy Researchers and Analysts","Economists and economic policy researchers and analysts","Chief economist",https://youtu.be/lklBAFlCvwU,Vancouver,Mainland/Southwest,"Viviana meets a chief economist in Vancouver, who explains his job of analyzing economic data and predicting the behaviour of markets. His forecasts, reports and presentations help clients make informed decisions."
#2175,#21234,88,"Web Designers And Developers","Web developers and programmers","Web developer",https://youtu.be/WmJ8NqHAh6M,Vancouver,Mainland/Southwest,"A Vancouver web developer tells Viviana how he translates ideas into visual stories on the web. His greatest rewards come from working together to solve problems and bring a project to reality. This dynamic career “can take you anywhere.” "
#9532,#94210,87,"Furniture and Fixture Assemblers and Inspectors","Furniture and fixture assemblers, finishers, refinishers and inspectors","Designer, furniture maker",https://youtu.be/9mm9PWMEbmM,Vancouver,Mainland/Southwest,"A Vancouver furniture maker and designer shows Brian how he creates unique pieces for his clients. The key to success is finding the work; the rewards come in his original designs. His career offers many avenues and endless opportunities. "
#1315,#13200,86,"Customs, Ship and Other Brokers","Customs, ship and other brokers","Customs broker",https://youtu.be/zToLB35zBv8,Vancouver,Mainland/Southwest,"A Vancouver customs broker tells Brian how she helps clients import shipments into Canada. To do her job well, she stays in touch, juggles emails and keeps precise records. She mostly works at her desk, but has also travelled for the job."
#2211,#22100,85,"Chemical Technologists and Technicians","Chemical technologists and technicians","Brew master",https://youtu.be/1zYHWQrQDZ4,Fernie,Kootenay,"A Fernie brew master shows Viviana the dynamic and meticulous process of making beer.  A blend of science and creativity, the job allows him to maintain quality and develop new and innovative brands.   "
#2224,#22113,84,"Conservation and Fishery Officers","Conservation and fishery officers","Conservation officer",https://youtu.be/JdxOcGs7MBw,Fernie,Kootenay,"Viviana rides along with a conservation officer, who protects the environment and natural resources. Dealing with wildlife, hunting and angling issues and pollution, he investigates possible violations. A grateful public is his key reward. "
#5111,#51100,83,Librarians,Librarians,Librarian,https://youtu.be/OxebUahoL5w,Nelson,Kootenay,"A Nelson librarian tells Viviana about the services and programs they provide to the public, from babies to seniors. Behind-the-scenes detail is vital, but helping people find things and making a difference in their lives is her top reward. "
#5123,#51113,82,Journalists,Journalists,Journalist,https://youtu.be/T4YaKm0NyX8,Nelson,Kootenay,"Viviana heads to Nelson to meet a journalist who shows her the exciting process of creating a newspaper, from blank slate to finished product. The job involves writing well, putting people at ease, passion and openness to the unexpected. "
#5241,#52120,81,"Graphic Designers and Illustrators","Graphic designers and illustrators","Graphic designer",https://youtu.be/pOz68qngB34,Penticton,Thompson-Okanagan,"A graphic designer shows Brian the kind of design work she does for customers. She describes her job as a blend of innovation, art, design and communication skills. She likes the job’s many opportunities to grow and expand her knowledge. "
#6232,#63101,80,"Real Estate Agents and Salespersons","Real estate agents and salespersons","Real estate agent",https://youtu.be/oubdrAb3LsM,Kelowna,Thompson-Okanagan,"A Kelowna realtor shares a day with Brian, discussing how she builds relationships and manages transactions from start to finish. She describes her varied schedule and routine. Her greatest reward is landing the perfect home for her client. "
#9531,#94219,79,"Boat Assemblers and Inspectors","Other products assemblers, finishers and inspectors","Boat builder",https://youtu.be/Qq_mClkGTPA,Vernon,Thompson-Okanagan,"Brian visits a Vernon boat builder, who describes the process and skills required to build a quality water-worthy boat. The most rewarding part of his job is delivering the finished product and putting a smile on the customer’s face.  "
#2153,#21202,78,"Urban and Land Use Planners","Urban and land use planners","Community planner",https://youtu.be/qvViXTAe3Ts,Kamloops,Thompson-Okanagan,"A Kamloops community planner tells Brian that it takes teamwork and creativity to move a plan from concept to reality. He reviews applications, reads maps, attends meetings and submits reports. His biggest reward: solving people’s problems. "
#3236,#32201,77,"Massage Therapists","Massage therapists","Registered massage therapist",https://youtu.be/LvjN5sAEnLI,Kamloops,Thompson-Okanagan,"A registered massage therapist in Kamloops shows Brian how she works with clients to relieve pain and discomfort and increase range of motion, often after an injury. Her role in someone’s healthy recovery is the greatest reward of the job. "
#0714,#70012,76,"Facility Operation and Maintenance Managers","Facility operation and maintenance managers","Facility operation and maintenance manager",https://youtu.be/7XXDoaZtQ60,"108 Mile Ranch",Cariboo,"Viviana tours a Cariboo health ranch with a facility operations and maintenance manager. He describes what makes for smooth operation of a multi-faceted resort. He loves providing top-quality services to people from all over the world. "
#4156,#41321,75,"Employment Counsellors","Career development practitioners and career counsellors (except education)","Employment case manager",https://youtu.be/MSqphLKFG_c,"Williams Lake",Cariboo,"Viviana heads to Williams Lake to meet an employment case manager, who describes helping clients learn how to search for and land a job. When clients win the jobs they’ve worked toward, she shares their joy. “It’s the most amazing feeling.” "
#6331,#63201,74,"Butchers, Meat Cutters And Fishmongers - Retail and Wholesale","Butchers - retail and wholesale",Butcher,https://youtu.be/ea37cSOY86s,"Williams Lake",Cariboo,"A Williams Lake butcher takes Viviana around his shop. He stresses the need to know meat cuts and quality and how to safely operate a range of machines. His biggest reward comes from sending happy customers home with a quality product. "
#8422,#84111,73,"Silviculture and Forestry Workers","Silviculture and forestry workers",Silviculturist,https://youtu.be/ZwI2cJrmPVQ,Quesnel,Cariboo,"Viviana heads to Quesnel to meet a silviculturist who shows her how to plant trees. He describes the effort that goes into preparing for the May to July planting season, and visits his tree planters to check their surroundings and safety. "
#7532,#74201,72,"Water Transport Deck and Engine Room Crew","Water transport deck and engine room crew","Deck hand",https://youtu.be/gqQlVrcHm7s,"Prince Rupert","North Coast & Nechako","Viviana visits a Prince Rupert deck hand and learns about his job, from directing traffic on the car deck to steering on the ship’s bridge. She learns all about the procedures that keep a vessel shipshape and its cargo and passengers safe. "
#2273,#72602,71,"Deck Officers, Water Transport","Deck officers, water transport","Tug master",https://youtu.be/Rhe9vH8cXPI,"Prince Rupert","North Coast & Nechako","Viviana interviews a Prince Rupert tug master and boards his tugboat to learn what it takes to safely guide ships in and out of the harbour. In his job, every day brings different activities and people, and an amazing view from his office!  "
#2275,#72604,70,"Railway Traffic Controllers and Marine Traffic Regulators","Railway traffic controllers and marine traffic regulators","Deputy harbour master",https://youtu.be/YrqUwYmN4yA,"Prince Rupert","North Coast & Nechako","Viviana tours the busy Port of Prince Rupert, where she meets the deputy harbour master, whose team manages the safety and security of the harbour and visiting ships. Watch him monitor the action from the busy control room and harbourside.  "
#2122,#21111,69,"Forestry Professionals","Forestry professionals",Forester,https://youtu.be/cNQCUbei8to,Terrace,"North Coast & Nechako","A Terrace forester explains to Brian how he looks after a forest’s interests. With no typical days, his work blends office and field work, and the travel involved offers adventure. “Just being outdoors” represents a key reward on the job. "
#4021,#41210,68,"College and Other Vocational Instructors","College and other vocational instructors","Vocational instructor",https://youtu.be/bjF7yRE0RH8,"Prince George",Cariboo,"Brian heads to Prince George to meet a vocational instructor, who explains how she prepares students for a practical nursing career. A mix of classroom and hands-on training actively engages students. "
#5254,#54100,67,"Program Leaders and Instructors in Recreation, Sport and Fitness","Program leaders and instructors in recreation, sport and fitness","Certified personal trainer",https://youtu.be/dMRmQban5ak,"Prince George",Cariboo,"A Prince George certified personal trainer shows Brian how she helps clients meet their exercise goals. She creates programs, trains clients and adapts programs to fit their progress. Helping people change their lives gives her inspiration.  "
#3132,#31121,66,"Dietitians and Nutritionists","Dietitians and nutritionists",Dietitian,https://youtu.be/JX3mPYjW7cs,"Prince George",Cariboo,"Brian learns how a Prince George dietitian works with clients to balance their diets and meet their health goals. She tailors nutritional plans for a wide range of people and needs, becoming a key part of their journey to better health. "
#2154,#21203,65,"Land Surveyors","Land surveyors","Land surveyor",https://youtu.be/nsaQ3iQ66QU,"Ft. St. John",Northeast,"A Fort St. John land surveyor explains why precision is crucial when dealing with clients’ properties and land boundaries. He likes the variety of office and fieldwork and may travel to remote locations by ATV, snowmobile or helicopter. "
#4312,#42101,64,Firefighters,Firefighters,Firefighter,https://youtu.be/LgMvz1gp-QI,"Ft. St. John",Northeast,"Brian visits a Fort St. John firefighter, who says the job requires excellent social and physical skills and fast reactions. He describes serving the community as exciting and fun, with camaraderie and “no two days that are the same.” "
#3211,#32120,63,"Medical Laboratory Technologists","Medical laboratory technologists","Medical laboratory technologist",https://youtu.be/124t9bcW6ms,"Dawson Creek",Northeast,"A medical lab technologist tells Brian how organization and attention to detail are essential for controlling quality. She finds her career rewarding and varied, with plenty of opportunities to learn and have “an impact on somebody’s life.” "
#2264,#22233,62,"Construction Inspectors","Construction inspectors","Building inspector",https://youtu.be/RYbZHeNApSU,"Dawson Creek",Northeast,"Brian meets a building inspector at construction site in Dawson Creek. He learns about inspecting concrete, framing, reinforcing and plumbing to ensure building code regulations are met."
#6341,#63210,61,"Hairstylists and Barbers","Hairstylists and barbers",Hairstylist,https://youtu.be/BDIptsGxLUk,Squamish,Mainland/Southwest,"Brian learns what it takes to be a successful hairstylist. Social skills and communication are key in creating new looks and meeting clients' expectations. This career offers exciting opportunities in the beauty and entertainment industry. "
#7312,#72401,60,"Heavy-Duty Equipment Mechanics","Heavy-duty equipment mechanics","Heavy-duty equipment mechanic",https://youtu.be/BtZGjIzCFNk,Squamish,Mainland/Southwest,"Brian visits a heavy duty mechanic and learns that this trade involves anything from maintenance to rebuilds of engines and other parts of heavy equipment. He learns that problem solving and computer skills are needed for success."
#2243,#22312,59,"Industrial Instrument Technicians and Mechanics","Industrial instrument technicians and mechanics","Instrument mechanic",https://youtu.be/hfKsTV4sbFI,Crofton,"Vancouver Island/Coast","An instrument mechanic explains to Viviana how his role is important to the successful operation of a mill. In this broad trade, he works with a vast array of equipment and keeps up with the latest technologies. "
#7313,#72402,58,"Refrigeration and Air Conditioning Mechanics","Heating, refrigeration and air conditioning mechanics","Refrigeration and air conditioning mechanic",https://youtu.be/AlYSO5XpYCc,"Campbell River","Vancouver Island/Coast","Viviana is taken on a tour of a shop and a work site and learns how these mechanics maintain and install air conditioning, refrigeration and heating systems. She learns how this trade is gratifying by meeting clients' needs."
#7231,#72100,57,"Machinists And Machining and Tooling Inspectors","Machinists and machining and tooling inspectors",Machinist,https://youtu.be/nYfzgVnJHN0,Victoria,"Vancouver Island/Coast","A machinist in a shipyard shows Viviana what it takes to produce complex parts that are essential to keeping machines working.  He also talks about training and apprenticeship and shares how rewarding the career is. "
#7252,#72301,56,"Steamfitters, Pipefitters and Sprinkler System Installers","Steamfitters, pipefitters and sprinkler system installers",Pipefitter,https://youtu.be/h67AieE95yk,Victoria,"Vancouver Island/Coast","Viviana travels to Vancouver Island and meets a pipefitter who works on a submarine! She learns about bending and fabricating different pipes, and discovers how he solves problems with complex pipe systems. "
#2225,#22114,55,"Landscape and Horticulture Technicians and Specialists","Landscape and horticulture technicians and specialists","Landscape horticulturalist",https://youtu.be/fl00YEWdYDI,Victoria,"Vancouver Island/Coast","A horticulturist shares with Viviana her passion for working with plants. She demonstrates pruning, seeding and dead heading, and explains about career avenues and the endless possibilities in the horticulture field. "
#7236,#72105,54,Ironworkers,Ironworkers,Ironworker,https://youtu.be/KzSmE6zthKA,Victoria,"Vancouver Island/Coast","Viviana visits an ironworker in Victoria and discovers what it takes to install and assemble what is essentially the skeleton of a building. She learns about how ironworkers interpret drawings, pack, lay and tie steel.  "
#9241,#92100,53,"Power Engineers and Power Systems Operators","Power engineers and power systems operators","Power engineer",https://youtu.be/_OmTDEtFTAY,Crofton,"Vancouver Island/Coast","Brian heads to Crofton where he visits a power engineer. He takes a tour of a mill and learns how important the role of the power engineer is. He also learns how you can work in this profession in a variety of industries.   "
#2113,#21102,52,"Geoscientists and Oceanographers","Geoscientists and oceanographers",Geologist,https://youtu.be/cc6cISY752M,Vancouver,Mainland/Southwest,"An exploration geologist shows Brian how she examines rocks for mineral deposits and analyzes data about potential sources of minerals. She explains how geologists often work both in an office and in the field. It’s a great job if you love to be outdoors!"
#3143,#31203,51,"Occupational Therapists","Occupational therapists","Occupational therapist",https://youtu.be/cyryORXanjo,Victoria,"Vancouver Island/Coast","An occupational therapist helps a person become as independent as possible physically, mentally and socially. Viviana joins her on a typical day with a client. The therapist explains how rewarding it is to help people achieve things they thought they couldn’t do!"
#3112,#31102,50,"General Practitioners and Family Physicians","General practitioners and family physicians","General practitioner",https://youtu.be/hWtpNEZ4C10,Victoria,"Vancouver Island/Coast","A doctor shows Viviana how to take a patient’s blood pressure. He sees 4 to 5 patients an hour, makes decisions all day, and notes that much of his work involves counselling. He really enjoys the friendships he develops with his patients as well as helping people."
#2131,#21300,49,"Civil Engineers","Civil engineers","Civil engineer",https://youtu.be/I0qke6LOHro,Nanaimo,"Vancouver Island/Coast","Civil engineers plan, design and manage infrastructure projects like building roadways, pipelines, bridges, docks and harbours, and waterworks. A civil engineer in Nanaimo shows Viviana how he designs a bridge."
#2171,#21222,48,"Information Systems Analysts and Consultants","Information systems specialists","Information systems professional",https://youtu.be/l9Zbx-yJHN4,Nanaimo,"Vancouver Island/Coast","Viviana meets an IT professional who works with software, hardware, wiring, and makes recommendations on how to improve a company’s computer network, performance and security. He manages over 700 computers remotely and loves working with new technologies."
#4153,#41301,47,"Family, Marriage and Other Related Counsellors","Therapists in counselling and related specialized therapies","Registered clinical counsellor",https://youtu.be/Mhynjl3e_Yc,Victoria,"Vancouver Island/Coast","Viviana visits a registered clinical counsellor in Victoria who explains how he guides people through their troubles and recovery process. He explains that a counsellor must be a good listener and care about people. He loves helping people!"
#3213,#32104,46,"Animal Health Technologists and Veterinary Technicians","Animal health technologists and veterinary technicians","Registered animal health technician",https://youtu.be/qu-lmIlWJfE,Saanichton,"Vancouver Island/Coast","A vet technician shows Viviana how she assists the veterinarian by taking x-rays, taking blood samples, providing anaesthesia, monitoring the animal during surgery, and providing emergency care. This is a great career if you love animals!"
#4112,#41101,45,"Lawyers and Quebec Notaries","Lawyers and Quebec notaries",Lawyer,https://youtu.be/NidOHUKzVMQ,Victoria,"Vancouver Island/Coast","Viviana interviews a lawyer who has two areas of practice. She’s a litigator in court and is a solicitor who prepares documents and gives advice in areas such as real estate and selling a business. She has to be organized, confident and able to communicate well."
#4211,#42200,44,"Paralegal and Related Occupations","Paralegals and related occupations",Paralegal,https://youtu.be/s6DEu9--TAg,Victoria,"Vancouver Island/Coast","A paralegal in Victoria shows Viviana how she prepares documents and takes initiative to support the case and get everything ready for court. Paralegals can specialize, or learn about all areas of the law. There’s “never a dull moment”."
#6513,#65200,43,"Food and Beverage Servers","Food and beverage servers","Food and beverage server",https://youtu.be/ahlciXcDh2A,Victoria,"Vancouver Island/Coast","A server shows Viviana how she establishes a relationship with the customer, takes an order, serves the food efficiently, and cashes out at the end of the day. She explains how she organizes her work and the gratifying aspects of her job."
#6332,#63202,42,Bakers,Bakers,Baker,https://youtu.be/x0rYO5ig2bo,"Cowichan Bay","Vancouver Island/Coast","A baker in Cowichan Bay demonstrates how she uses machinery and hand skills to make a variety of baked goods. Viviana makes croissants! The baker takes pride in baking products that make her customers happy. She plans to open her own bakery business."
#6322,#63200,41,Cooks,Cooks,Cook,https://youtu.be/3gYAN-cJa-k,Victoria,"Vancouver Island/Coast","Viviana heads to Victoria and visits a cook who prepares meals and prioritizes tasks for the day. She learns all aspects of being a cook and how to prepare lemon ginger chicken! A busy kitchen requires coordination and awareness of safety. "
#3131,#31120,40,Pharmacists,Pharmacists,Pharmacist,https://youtu.be/m4OX-t2m01w,Cranbrook,Kootenay,"A pharmacist in Cranbrook shows Brian how she provides people with medications safely, prepares injection needles, gives good directions to the patient, and uses computer systems. It’s a great job that makes a difference in people’s lives!"
#3012,#31301,39,"Registered Nurses and Registered Psychiatric Nurses","Registered nurses and registered psychiatric nurses","Registered nurse",https://youtu.be/afZwxA4A2A4,Cranbrook,Kootenay,"A registered nurse tells Brian that “a huge part of nursing is having compassion”. A registered nurse has primary responsibility for coordination of the patient’s care and interacts with doctors, medical staff, social workers and the patient’s family."
#4151,#31200,38,Psychologists,Psychologists,"Clinical psychologist",https://youtu.be/inD3woCw1Xs,Nelson,Kootenay,"Brian meets a clinical psychologist who assesses patients’ problems and teaches them how to change their behaviour. She demonstrates how she communicates with children. She says a great psychologist needs to be empathic and really connect with people."
#6421,#64100,37,"Retail Salespersons","Retail salespersons and visual merchandisers","Retail salesperson",https://youtu.be/i0rUVZmINAw,Nelson,Kootenay,"Brian visits a clerk in a sports equipment store in Nelson and learns about how he sells a culture. He explains how he loves sports and is passionate about the products he sells. A job in sales can be a step to careers in real estate and other types of sales. "
#2121,#21110,36,"Biologists and Related Scientists","Biologists and related scientists",Biologist,https://youtu.be/Ji8bLaBa_YQ,Castlegar,Kootenay,"A biologist shows Brian how she monitors the impact of a hydro facility on the local environment. She describes different career paths in environmental sciences, and talks about how she likes to work outdoors and see the results of her work."
#0821,#80020,35,"Managers in Agriculture","Managers in agriculture","Vineyard manager",https://youtu.be/NUAG0a02Coc,Osoyoos,Thompson-Okanagan,"Brian takes a tour of a vineyard with the manager who is responsible for all aspects of the cultivation of grapes, including preparing the ground, irrigation, care of the plants, and planning for the next year. It’s a blend of art, science and business."
#3142,#31202,34,Physiotherapists,Physiotherapists,Physiotherapist,https://youtu.be/bAztsMnE_Fk,Penticton,Thompson-Okanagan,"A physiotherapist in Penticton shows Brian how she helps people move better, reduce pain, and recover from injuries. She advises patients on how muscles and joints can become stronger and move better."
#3411,#33100,33,"Dental Assistants","Dental assistants and dental laboratory assistants","Dental assistant",https://youtu.be/ciX-LlzGJfU,Summerland,Thompson-Okanagan,"Brian meets a dental assistant in Summerland who helps the dentist by passing instruments during treatment, taking x-rays, recording everything that is done, and maintains the patient’s records. It’s a great stepping stone to careers in health care!  "
#2271,#72600,32,"Air Pilots, Flight Engineers and Flying Instructors","Air pilots, flight engineers and flying instructors","Helicopter pilot",https://youtu.be/wNSbw_NYxgI,Vancouver,Mainland/Southwest,"Brian gets a bird’s eye view when he flies along with a helicopter pilot. The pilot describes different career paths and explains how pilots must not only understand the helicopter’s systems and technology, but also be a leader with “an adventurous spirit”."
#0422,#40021,31,"School Principals and Administrators of Elementary and Secondary Education","School principals and administrators of elementary and secondary education","School principal",https://youtu.be/fbPrT9g2GmY,Kelowna,Thompson-Okanagan,"Brian meets a school principal who supervises instruction programs, health and safety, events, and interacts with children, parents and the school board. She shares how she values the connections she makes with the children and their families."
#0631,#60030,30,"Restaurant and Food Service Managers","Restaurant and food service managers","Restaurant manager",https://youtu.be/rb_2YXACcYk,Kelowna,Thompson-Okanagan,"Viviana heads to Kelowna to meet a restaurant manager. The manager shows Viviana how she ensures standards are met, keeps up with trends, plans events, manages inventory and leads her team. She also describes how she uses her social and communication skills."
#8612,#85121,29,"Landscaping and Grounds Maintenance Labourers","Landscaping and grounds maintenance labourers","Grounds maintenance worker",https://youtu.be/Z_ifQaIiaUk,Kamloops,Thompson-Okanagan,"Viviana rides along with an assistant superintendent of golf course maintenance in Kamloops. He describes his work in landscaping, trail maintenance, road upkeep, stonework, pest control, machine operation, and management."
#4152,#41300,28,"Social Workers","Social workers","Social development worker",https://youtu.be/_VHlBeBn9gQ,"Williams Lake",Cariboo,"A social worker in Williams Lake tells Viviana about her education and background in helping people. She describes her work at City Hall where she works with many agencies to improve the quality of life in the community."
#7241,#72200,27,"Electricians (Except Industrial and Power System)","Electricians (except industrial and power system)",Electrician,https://youtu.be/cjsMfu9Qj9Q,"Williams Lake",Cariboo,"Viviana is guided through a house under construction by an electrician who works on residential, commercial and industrial projects. He says it’s fun to work on a design team of electricians, carpenters, concrete experts and drywallers."
#9431,#94120,26,"Sawmill Machine Operators","Sawmill machine operators","Sawmill operator",https://youtu.be/i6dKpSqR2qA,Vanderhoof,Cariboo,"A machine operator takes Viviana on a tour of a sawmill where he makes sure the machines are working properly. He uses technology and modern machinery to optimize the processing of wood. He works in a fast paced environment where safety is important."
#7271,#72310,25,Carpenters,Carpenters,Carpenter,https://youtu.be/oIUK0ItCIQo,"Prince George",Cariboo,"Viviana takes a trip to Prince George to visit a carpenter. She learns how carpenters interpret drawings, create footings for walls, pour concrete into the footings, and mark posts for walls and beams. She also learns about training and apprenticeship."
#9614,#95103,24,"Labourers in Wood, Pulp and Paper Processing","Labourers in wood, pulp and paper processing","Mill worker",https://youtu.be/UutVLyqbqls,Smithers,"North Coast & Nechako","Brian heads to Smithers to check out how mill workers can turn trees into anything. He sees how logs are delivered to the mill, cleaned, dried, cut, packaged and shipped to the customer. He learns this is a career with lots of variety and opportunity."
#4214,#42202,23,"Early Childhood Educators and Assistants","Early childhood educators and assistants","Early childhood educator",https://youtu.be/-qxLEZwlUHs,Smithers,"North Coast & Nechako","An educator at a daycare centre leads Brian and the children through various activities. There is no limit to the training available for preschool educators. In this rewarding career, you teach children the skills they’ll use for a lifetime. "
#7511,#73300,22,"Transport Truck Drivers","Transport truck drivers","Truck driver",https://youtu.be/A81nvDdP5KY,Terrace,"North Coast & Nechako","Brian heads to Terrace where he meets a truck driver. He rides along and learns about local and long distance trips and other opportunities, such as running your own business or becoming a heavy equipment operator. This job can be like a “paid tourist”."
#3234,#32102,21,"Paramedical Occupations","Paramedical occupations",Paramedic,https://youtu.be/njRyrPjYQx4,"Prince Rupert","North Coast & Nechako","Brian rides along with a paramedic in Prince Rupert who demonstrates how the ambulance crew respond to a call, administer treatment, and transport an injured person to the hospital. He describes different routes to a career as a paramedic."
#7451,#75100,20,"Longshore Workers","Longshore workers","Longshore worker",https://youtu.be/40hRk0VPE2c,"Prince Rupert","North Coast & Nechako","A longshore worker in Prince Rupert describes how he drives cranes to move cargo from ocean shipping containers to trucks and trains. A driver moves at least 20 containers an hour. Brian sits beside him as he operates the crane from 150 feet above the ground! "
#7521,#73400,19,"Heavy Equipment Operators (Except Crane)","Heavy equipment operators","Heavy equipment operator",https://youtu.be/mVeIwGbDlMc,"Ft. St. John",Northeast,"Brian visits a heavy equipment operator in Fort St. John who works on road construction, pipelines and major excavations. He shows Brian how to maintain equipment safety, and describes other careers in the industry closely related to heavy equipment."
#0811,#80010,18,"Managers in Natural Resources Production and Fishing","Managers in natural resources production and fishing","Mine manager",https://youtu.be/ObcqWez2ruI,"Dawson Creek",Northeast,"Brian interviews a mine manager who is responsible for the safety and smooth operation of a coal mine in northeastern B.C. He interacts with employees in different departments and describes the opportunities for advancement in the mining industry. "
#7321,#72410,17,"Automotive Service Technicians, Truck and Bus Mechanics and Mechanical Repairers","Automotive service technicians, truck and bus mechanics and mechanical repairers","Automotive technician",https://youtu.be/VJSxZsZEVCY,"Dawson Creek",Northeast,"Brian visits an automotive technician in northern B.C. and discovers how he solves problems with vehicles. Brian learns about his training and apprenticeship, the variety in the work, and the modern tools and technology used in his job."
#2212,#22101,16,"Geological and Mineral Technologists and Technicians","Geological and mineral technologists and technicians","Geological technician",https://youtu.be/wGlZIT2twbg,"Dawson Creek",Northeast,"A geotechnician in Dawson Creek shows Brian how he analyzes rock samples that are found through drilling, uses scientific equipment, and produces technical reports. He has experience at over 160 well site locations."
#8222,#82021,15,"Contractors and Supervisors, Oil and Gas Drilling and Services","Contractors and supervisors, oil and gas drilling and services","Well site supervisor",https://youtu.be/RcRcdYLPy1M,"Dawson Creek",Northeast,"Brian heads to northern B.C. to meet a supervisor of natural gas drilling. He shows Brian the tools, processes and working conditions in oil and gas well site operations. Technical skills, safety and attention to detail are important."
#1121,#11200,14,"Human Resources Professionals","Human resources professionals","Human resource specialist",https://youtu.be/lbuYUY0FfIo,Vancouver,Mainland/Southwest,"A human resources specialist in Vancouver tells Brian about his involvement in hiring, benefits, employee career growth, working with managers to build their teams, and generally making the organization a great place to work. "
#9617,#95106,13,"Labourers in Food, Beverage and Associated Products Processing","Labourers in food and beverage processing","Packaging associate",https://youtu.be/DjaICqD6akg,Langley,Mainland/Southwest,"Food processing is a modern and growing industry. A packaging associate in a meat processing plant shows Brian how she packages, labels and inspects food and food machinery. She works with technology and complies with high standards for public safety. "
#3413,#33102,12,"Nurse Aides, Orderlies and Patient Service Associates","Nurse aides, orderlies and patient service associates","Patient care attendant",https://youtu.be/tWXThcDKYjY,Vancouver,Mainland/Southwest,"A patient care attendant in a hospital shows Brian how he monitors patients’ vital signs, updates their records, and provides emotional support. He says this job is for you if you “have a big heart and like to help people”."
#1226,#12103,11,"Conference And Event Planners","Conference and event planners","Event planner",https://youtu.be/VZzto0mEJ_o,Vancouver,Mainland/Southwest,"A Vancouver event planner gives Viviana an inside glimpse into organizing a festival. Integrating suggestions from others, she coordinates plans and details, staying within the budget. Her joy comes from seeing visitors having a great time. "
#0124,#10022,10,"Advertising, Marketing and Public Relations Managers","Advertising, marketing and public relations managers","Sr. manager of communications",https://youtu.be/SOngj24r4IU,Vancouver,Mainland/Southwest,"The manager of communications at Canada’s largest credit union tells Brian about the variety in her work and the need to integrate complex ideas. This job can lead to careers in management, consulting and launching your own business.   "
#0124,#10022,9,"Advertising, Marketing and Public Relations Managers","Advertising, marketing and public relations managers","Sales coordinator",https://youtu.be/52xU5UoWp7c,Vancouver,Mainland/Southwest,"The senior sales coordinator for the BC Lions sells suites and corporate sponsorships. She needs to be competitive and creative, while developing strong relationships with partners. If you’re good at sales, you can sell anything, including yourself!"
#1521,#14400,8,"Shippers and Receivers","Shippers and receivers","Lead hand - warehouse department",https://youtu.be/PISPgBrwUAo,Richmond,Mainland/Southwest,"A shipper-receiver shows Viviana how he prepares products for shipping from a warehouse to businesses in the supply chain. The job requires teamwork and physical agility, and can lead to careers in business operations management. "
#3113,#31110,7,Dentists,Dentists,Dentist,https://youtu.be/2wAZjF3xlaw,Vancouver,Mainland/Southwest,"Brian heads to Vancouver to meet a dentist. Here he meets a dentist who emphasizes the creativity she brings to running her business and in her work where “each tooth is like a little sculpture”. It’s rewarding to make people smile!"
#1513,#74102,6,"Couriers, Messengers and Door-To-Door Distributors","Couriers and messengers",Courier,https://youtu.be/MRnjyXvIIQQ,Vancouver,Mainland/Southwest,"Couriers work outdoors in a fast-paced environment that requires instant decision-making. Viviana learns how couriers must balance aggressiveness, professionalism and courtesy “in a giant game of chess”."
#3124,#31303,5,"Allied Primary Health Practitioners","Physician assistants, midwives and allied health professionals",Midwife,https://youtu.be/ix9DzmPuv58,Vancouver,Mainland/Southwest,"A registered midwife explains to Viviana how she delivers a full program of regulated medical care for pregnant women, including helping to deliver babies and providing care before and after the birth. She loves being part of such a big event in people’s lives!"
#1228,#43203,4,"Employment Insurance, Immigration, Border Services and Revenue Officers","Border services, customs, and immigration officers","Program advisor",https://youtu.be/F9b2s14K9cc,Vancouver,Mainland/Southwest,"An advisor in the B.C. Provincial Nominee Program tells Viviana how she helps employers bring foreign workers to BC. She processes applications, travels overseas to recruit workers, and works with the public. She helps people’s dreams come true!"
#4165,#21110,3,"Health Policy Researchers, Consultants and Program Officers","Biologists and related scientists",Researcher,https://youtu.be/hOpgJ8bRAhg,Vancouver,Mainland/Southwest,"A spinal chord researcher shows Viviana how she develops new ways to treat people with spinal injuries. She presents her research at conferences all over the world. What’s most rewarding is knowing that her work will help a lot of people."
#2173,#21231,2,"Software Engineers and Designers","Software engineers and designers","Software engineer",https://youtu.be/obTfVrY5KLc,Burnaby,Mainland/Southwest,"Viviana interviews a software engineer in Vancouver who creates NHL video games for XBoxes and mobile devices. He says his problem-solving skills, work as part of a team, and communication skills are preparing him for any job."
#7512,#73301,1,"Bus Drivers, Subway Operators and Other Transit Operators","Bus drivers, subway operators and other transit operators","Bus driver",https://youtu.be/yYUbhKgdJRE,Vancouver,Mainland/Southwest,"A bus driver describes what being a “people person” really means—he works with thousands of people every day. He shows Viviana the importance of safety and manual dexterity in this job and that he has “a corner office with a view that always changes”. "
