Business,Accounting,10021,"Banking, credit and other investment managers",,
Business,Accounting,11100,"Financial auditors and accountants",,
Business,Accounting,12200,"Accounting technicians and bookkeepers",,
Business,Accounting,12203,"Assessors, business valuators and appraisers",,
Business,Accounting,14200,"Accounting and related clerks",,
Business,Accounting,14201,"Banking, insurance and other financial clerks",,
Business,"Administrative assistant",12100,"Executive assistants",,
Business,"Administrative assistant",13100,"Administrative officers",,
Business,"Administrative assistant",13110,"Administrative assistants",,
Business,"Administrative assistant",13111,"Legal administrative assistants",,
Business,"Administrative assistant",13112,"Medical administrative assistants",,
Business,"Administrative assistant",14101,Receptionists,14101.1,"Dental receptionists"
Business,"Administrative assistant",14101,Receptionists,14101.2,"Medical receptionists"
Business,"Administrative assistant",14101,Receptionists,14101.3,"Office reception clerk"
Business,"Business administration",10019,"Other administrative services managers",,
Business,"Business administration",10029,"Other business services managers",,
Business,"Business administration",11201,"Professional occupations in business management consulting",,
Business,"Business administration",12010,"Supervisors, general office and administrative support workers",,
Business,"Business administration",12100,"Executive assistants",,
Business,"Business administration",13102,"Payroll administrators",,
Business,"Business administration",14100,"General office support workers",,
Business,"Business administration",21221,"Business systems specialists",,
Business,"Business administration",41402,"Business development officers and market researchers and analysts",,
Business,"Business administration",00018,"Senior managers - public and private sector",00011,"Senior government managers and officials"
Business,"Business administration",00018,"Senior managers - public and private sector",00012,"Senior managers - financial, communications and other business services"
Business,"Business administration",00018,"Senior managers - public and private sector",00013,"Senior managers - health, education, social and community services and membership organizations"
Business,"Business administration",00018,"Senior managers - public and private sector",00014,"Senior managers - trade, broadcasting and other services"
Business,"Business administration",00018,"Senior managers - public and private sector",00015,"Senior managers - construction, transportation, production and utilities"
Business,"Business administration",00018,"Senior managers - public and private sector",,
Business,Economics,10010,"Financial managers",,
Business,Economics,10020,"Insurance, real estate and financial brokerage managers",10020.1,"Mortgage broker managers"
Business,Economics,10020,"Insurance, real estate and financial brokerage managers",10020.3,"Securities managers"
Business,Economics,10020,"Insurance, real estate and financial brokerage managers",,
Business,Economics,10021,"Banking, credit and other investment managers",,
Business,Economics,11101,"Financial and investment analysts",,
Business,Economics,11102,"Financial advisors",,
Business,Economics,11103,"Securities agents, investment dealers and brokers",,
Business,Economics,11109,"Other financial officers",11109.1,"Mortgage brokers"
Business,Economics,11109,"Other financial officers",11109.2,"Financial officers"
Business,Economics,11109,"Other financial officers",,
Business,Economics,41401,"Economists and economic policy researchers and analysts",,
Business,Economics,41402,"Business development officers and market researchers and analysts",,
Business,Finance,10010,"Financial managers",,
Business,Finance,10020,"Insurance, real estate and financial brokerage managers",10020.1,"Mortgage broker managers"
Business,Finance,10020,"Insurance, real estate and financial brokerage managers",10020.3,"Securities managers"
Business,Finance,10020,"Insurance, real estate and financial brokerage managers",,
Business,Finance,10021,"Banking, credit and other investment managers",,
Business,Finance,11100,"Financial auditors and accountants",,
Business,Finance,11101,"Financial and investment analysts",,
Business,Finance,11102,"Financial advisors",,
Business,Finance,11109,"Other financial officers",11109.1,"Mortgage brokers"
Business,Finance,11109,"Other financial officers",11109.2,"Financial officers"
Business,Finance,11109,"Other financial officers",,
Business,Finance,12011,"Supervisors, finance and insurance office workers",,
Business,Finance,14201,"Banking, insurance and other financial clerks",,
Business,Finance,63102,"Financial sales representatives",,
Business,Finance,64400,"Customer services representatives - financial institutions",,
Business,Finance,00018,"Senior managers - public and private sector",,
Business,"Human resources",10011,"Human resources managers",,
Business,"Human resources",11200,"Human resources professionals",,
Business,"Human resources",12101,"Human resources and recruitment officers",,
Business,Insurance,10020,"Insurance, real estate and financial brokerage managers",10020.2,"Insurance managers"
Business,Insurance,10020,"Insurance, real estate and financial brokerage managers",,
Business,Insurance,12011,"Supervisors, finance and insurance office workers",,
Business,Insurance,12104,"Employment insurance and revenue officers",,
Business,Insurance,12201,"Insurance adjusters and claims examiners",,
Business,Insurance,12202,"Insurance underwriters",,
Business,Insurance,14201,"Banking, insurance and other financial clerks",,
Business,Insurance,63100,"Insurance agents and brokers",,
Business,Management,10029,"Other business services managers",,
Business,Management,11201,"Professional occupations in business management consulting",,
Business,Management,00018,"Senior managers - public and private sector",,
Business,Management,00018,"Senior managers - public and private sector",,
Business,Marketing,10022,"Advertising, marketing and public relations managers",10022.1,"Advertising and public relations managers"
Business,Marketing,10022,"Advertising, marketing and public relations managers",10022.2,"Marketing managers"
Business,Marketing,10022,"Advertising, marketing and public relations managers",10022.3,"E-business managers"
Business,Marketing,10022,"Advertising, marketing and public relations managers",,
Business,Marketing,11202,"Professional occupations in advertising, marketing and public relations",11202.1,"Advertising and public relations practitioners"
Business,Marketing,11202,"Professional occupations in advertising, marketing and public relations",11202.2,"Professional occupations in marketing"
Business,Marketing,11202,"Professional occupations in advertising, marketing and public relations",,
Business,Marketing,41402,"Business development officers and market researchers and analysts",,
Business,"Operations and logistics ",10012,"Purchasing managers",,
Business,"Operations and logistics ",12013,"Supervisors, supply chain, tracking and scheduling coordination occupations",,
Business,"Operations and logistics ",12102,"Procurement and purchasing agents and officers",,
Business,"Operations and logistics ",13201,"Production and transportation logistics coordinators",,
Business,"Operations and logistics ",14402,"Production logistics workers",,
Business,"Operations and logistics ",14403,"Purchasing and inventory control workers",,
Business,"Public administration",10022,"Advertising, marketing and public relations managers",10022.1,"Advertising and public relations managers"
Business,"Public administration",10022,"Advertising, marketing and public relations managers",10022.3,"E-business managers"
Business,"Public administration",10022,"Advertising, marketing and public relations managers",,
Business,"Public administration",11202,"Professional occupations in advertising, marketing and public relations",11202.1,"Advertising and public relations practitioners"
Business,"Public administration",11202,"Professional occupations in advertising, marketing and public relations",,
Business,"Public administration",40019,"Other managers in public administration",,
Business,"Real estate",10020,"Insurance, real estate and financial brokerage managers",10020.4,"Real estate service managers"
Business,"Real estate",10020,"Insurance, real estate and financial brokerage managers",,
Business,"Real estate",12203,"Assessors, business valuators and appraisers",,
Business,"Real estate",13101,"Property administrators",,
Business,"Real estate",63101,"Real estate agents and salespersons",,
Business,"Sales and trade",13200,"Customs, ship and other brokers",,
Business,"Sales and trade",60010,"Corporate sales managers",,
Business,"Sales and trade",60020,"Retail and wholesale trade managers",,
Business,"Sales and trade",62010,"Retail sales supervisors",,
Business,"Sales and trade",62100,"Technical sales specialists - wholesale trade",,
Business,"Sales and trade",62101,"Retail and wholesale buyers",,
Business,"Sales and trade",63101,"Real estate agents and salespersons",,
Business,"Sales and trade",63102,"Financial sales representatives",,
Business,"Sales and trade",64100,"Retail salespersons and visual merchandisers",,
Business,"Sales and trade",64101,"Sales and account representatives - wholesale trade (non-technical)",,
Business,"Sales and trade",65109,"Other sales related occupations",,
Business,"Sales and trade",00018,"Senior managers - public and private sector",,
"Community and support services","Counselling and therapy",31112,"Audiologists and speech-language pathologists",,
"Community and support services","Counselling and therapy",31200,Psychologists,,
"Community and support services","Counselling and therapy",41301,"Therapists in counselling and related specialized therapies",,
"Community and support services","Counselling and therapy",41320,"Educational counsellors",,
"Community and support services","Counselling and therapy",41321,"Career development practitioners and career counsellors (except education)",,
"Community and support services","Counselling and therapy",41409,"Other professional occupations in social science",41409.8,Psychometricians
"Community and support services","Counselling and therapy",41409,"Other professional occupations in social science",,
"Community and support services","Counselling and therapy",64201,"Image, social and other personal consultants",,
"Community and support services","Delivery services",64401,"Postal services representatives",,
"Community and support services","Delivery services",70021,"Postal and courier services managers",,
"Community and support services","Delivery services",72025,"Supervisors, mail and message distribution occupations",,
"Community and support services","Delivery services",74100,"Mail and parcel sorters and related occupations",,
"Community and support services","Delivery services",74101,"Letter carriers",,
"Community and support services","Delivery services",74102,"Couriers and messengers",,
"Community and support services","Delivery services",75201,"Delivery service drivers and door-to-door distributors",,
"Community and support services","Early childhood education and care",42202,"Early childhood educators and assistants",42202.1,"Early childhood educators and assistants"
"Community and support services","Early childhood education and care",42202,"Early childhood educators and assistants",42202.2,"Specialized early childhood educators"
"Community and support services","Early childhood education and care",42202,"Early childhood educators and assistants",,
"Community and support services","Early childhood education and care",42203,"Instructors of persons with disabilities",,
"Community and support services","Early childhood education and care",44100,"Home child care providers",,
"Community and support services","Emergency and fire services",14404,Dispatchers,,
"Community and support services","Emergency and fire services",32102,"Paramedical occupations",,
"Community and support services","Emergency and fire services",40041,"Fire chiefs and senior firefighting officers",,
"Community and support services","Emergency and fire services",42101,Firefighters,,
"Community and support services","Government and social policy",21120,"Public and environmental health and safety professionals",,
"Community and support services","Government and social policy",22232,"Occupational health and safety specialists",,
"Community and support services","Government and social policy",40010,"Government managers - health and social policy development and program administration",40010.1,"Government managers in health policy development and program administration"
"Community and support services","Government and social policy",40010,"Government managers - health and social policy development and program administration",40010.2,"Government managers in social policy development and program administration"
"Community and support services","Government and social policy",40010,"Government managers - health and social policy development and program administration",,
"Community and support services","Government and social policy",40011,"Government managers - economic analysis, policy development and program administration",,
"Community and support services","Government and social policy",40012,"Government managers - education policy development and program administration",,
"Community and support services","Government and social policy",40019,"Other managers in public administration",,
"Community and support services","Government and social policy",41400,"Natural and applied science policy researchers, consultants and program officers",,
"Community and support services","Government and social policy",41403,"Social policy researchers, consultants and program officers",41403.1,"Social policy researchers and program officers"
"Community and support services","Government and social policy",41403,"Social policy researchers, consultants and program officers",41403.2,"Immigration consultants"
"Community and support services","Government and social policy",41403,"Social policy researchers, consultants and program officers",,
"Community and support services","Government and social policy",41404,"Health policy researchers, consultants and program officers",,
"Community and support services","Government and social policy",41405,"Education policy researchers, consultants and program officers",,
"Community and support services","Government and social policy",41406,"Recreation, sports and fitness policy researchers, consultants and program officers",,
"Community and support services","Government and social policy",41407,"Program officers unique to government",,
"Community and support services","Government and social policy",41409,"Other professional occupations in social science",41409.7,"Political scientists"
"Community and support services","Government and social policy",41409,"Other professional occupations in social science",41409.9,Sociologists
"Community and support services","Government and social policy",41409,"Other professional occupations in social science",,
"Community and support services","Government and social policy",00010,Legislators,,
"Community and support services","Government and social policy",00018,"Senior managers - public and private sector",,
"Community and support services","Government and social policy",00018,"Senior managers - public and private sector",,
"Community and support services","Information and archive services",12012,"Supervisors, library, correspondence and related information workers",,
"Community and support services","Information and archive services",12112,"Records management technicians",,
"Community and support services","Information and archive services",14110,"Survey interviewers and statistical clerks",,
"Community and support services","Information and archive services",14202,"Collection clerks",,
"Community and support services","Information and archive services",41409,"Other professional occupations in social science",41409.1,Anthropologists
"Community and support services","Information and archive services",41409,"Other professional occupations in social science",41409.2,Archaeologists
"Community and support services","Information and archive services",41409,"Other professional occupations in social science",41409.5,Historians
"Community and support services","Information and archive services",41409,"Other professional occupations in social science",41409.6,Linguists
"Community and support services","Information and archive services",41409,"Other professional occupations in social science",,
"Community and support services","Information and archive services",50010,"Library, archive, museum and art gallery managers",50010.1,"Library managers"
"Community and support services","Information and archive services",50010,"Library, archive, museum and art gallery managers",50010.2,"Archive managers"
"Community and support services","Information and archive services",50010,"Library, archive, museum and art gallery managers",50010.3,"Museum and art gallery managers"
"Community and support services","Information and archive services",50010,"Library, archive, museum and art gallery managers",,
"Community and support services","Information and archive services",51101,"Conservators and curators",,
"Community and support services","Information and archive services",51102,Archivists,,
"Community and support services","Information and archive services",52100,"Library and public archive technicians",,
"Community and support services","Information and archive services",53100,"Registrars, restorers, interpreters and other occupations related to museum and art galleries",,
"Community and support services","Information and archive services",62023,"Customer and information services supervisors",,
"Community and support services","Information and archive services",64409,"Other customer and information services representatives",,
"Community and support services","Library services",12012,"Supervisors, library, correspondence and related information workers",,
"Community and support services","Library services",14300,"Library assistants and clerks",,
"Community and support services","Library services",50010,"Library, archive, museum and art gallery managers",50010.1,"Library managers"
"Community and support services","Library services",50010,"Library, archive, museum and art gallery managers",50010.2,"Archive managers"
"Community and support services","Library services",50010,"Library, archive, museum and art gallery managers",50010.3,"Museum and art gallery managers"
"Community and support services","Library services",50010,"Library, archive, museum and art gallery managers",,
"Community and support services","Library services",51100,Librarians,,
"Community and support services","Library services",52100,"Library and public archive technicians",,
"Community and support services",Religion,41302,"Religious leaders",,
"Community and support services",Religion,42204,"Religion workers",,
"Community and support services","Shipping and transit",13200,"Customs, ship and other brokers",,
"Community and support services","Shipping and transit",14400,"Shippers and receivers",,
"Community and support services","Shipping and transit",73301,"Bus drivers, subway operators and other transit operators",,
"Community and support services","Shipping and transit",75200,"Taxi and limousine drivers and chauffeurs",,
"Community and support services","Social services",40030,"Managers in social, community and correctional services",,
"Community and support services","Social services",41300,"Social workers",,
"Community and support services","Social services",41409,"Other professional occupations in social science",41409.8,Psychometricians
"Community and support services","Social services",41409,"Other professional occupations in social science",41409.9,Sociologists
"Community and support services","Social services",41409,"Other professional occupations in social science",,
"Community and support services","Social services",42201,"Social and community service workers",,
"Community and support services","Social services",51114,"Translators, terminologists and interpreters",,
"Community and support services","Surveying and mapping",21202,"Urban and land use planners",,
"Community and support services","Surveying and mapping",21203,"Land surveyors",,
"Community and support services","Surveying and mapping",22213,"Land survey technologists and technicians",,
"Community and support services","Surveying and mapping",41409,"Other professional occupations in social science",41409.1,Anthropologists
"Community and support services","Surveying and mapping",41409,"Other professional occupations in social science",41409.4,Geographers
Education,"Early childhood education and care",42202,"Early childhood educators and assistants",42202.1,"Early childhood educators and assistants"
Education,"Early childhood education and care",42202,"Early childhood educators and assistants",42202.2,"Specialized early childhood educators"
Education,"Early childhood education and care",42202,"Early childhood educators and assistants",,
Education,"Early childhood education and care",42203,"Instructors of persons with disabilities",,
Education,"Early childhood education and care",44100,"Home child care providers",,
Education,"Education administration",40020,"Administrators - post-secondary education and vocational training",40020.1,"Faculty administrators"
Education,"Education administration",40020,"Administrators - post-secondary education and vocational training",40020.2,"Registrars and administrators of vocational training schools "
Education,"Education administration",40020,"Administrators - post-secondary education and vocational training",,
Education,"Education administration",40021,"School principals and administrators of elementary and secondary education",,
Education,"Education administration",41320,"Educational counsellors",,
Education,"Education administration",00018,"Senior managers - public and private sector",,
Education,"Elementary and secondary teaching",40021,"School principals and administrators of elementary and secondary education",,
Education,"Elementary and secondary teaching",41220,"Secondary school teachers",,
Education,"Elementary and secondary teaching",41221,"Elementary school and kindergarten teachers",,
Education,"Elementary and secondary teaching",42203,"Instructors of persons with disabilities",,
Education,"Elementary and secondary teaching",43100,"Elementary and secondary school teacher assistants",,
Education,"Elementary and secondary teaching",45100,"Student monitors, crossing guards and related occupations",,
Education,"Post-secondary and vocational training instruction",40020,"Administrators - post-secondary education and vocational training",40020.1,"Faculty administrators"
Education,"Post-secondary and vocational training instruction",40020,"Administrators - post-secondary education and vocational training",40020.2,"Registrars and administrators of vocational training schools "
Education,"Post-secondary and vocational training instruction",40020,"Administrators - post-secondary education and vocational training",,
Education,"Post-secondary and vocational training instruction",41200,"University professors and lecturers",41200.1,"University lecturers"
Education,"Post-secondary and vocational training instruction",41200,"University professors and lecturers",41200.2,"University professors"
Education,"Post-secondary and vocational training instruction",41200,"University professors and lecturers",,
Education,"Post-secondary and vocational training instruction",41201,"Post-secondary teaching and research assistants",,
Education,"Post-secondary and vocational training instruction",41210,"College and other vocational instructors",,
Education,"Post-secondary and vocational training instruction",42203,"Instructors of persons with disabilities",,
Education,"Post-secondary and vocational training instruction",43109,"Other instructors",,
"Engineering and architecture","Aerospace engineering",20010,"Engineering managers",,
"Engineering and architecture","Aerospace engineering",21390,"Aerospace engineers",,
"Engineering and architecture","Architecture ",20011,"Architecture and science managers",20011.1,"Architect managers"
"Engineering and architecture","Architecture ",20011,"Architecture and science managers",20011.2,"Landscape architect managers"
"Engineering and architecture","Architecture ",20011,"Architecture and science managers",20011.3,"Science managers"
"Engineering and architecture","Architecture ",20011,"Architecture and science managers",,
"Engineering and architecture","Architecture ",21200,Architects,,
"Engineering and architecture","Architecture ",21201,"Landscape architects",,
"Engineering and architecture","Architecture ",21202,"Urban and land use planners",,
"Engineering and architecture","Architecture ",22210,"Architectural technologists and technicians",,
"Engineering and architecture","Architecture ",22211,"Industrial designers",,
"Engineering and architecture","Architecture ",22212,"Drafting technologists and technicians",,
"Engineering and architecture","Architecture ",22233,"Construction inspectors",,
"Engineering and architecture","Chemical engineering",20010,"Engineering managers",,
"Engineering and architecture","Chemical engineering",21320,"Chemical engineers",,
"Engineering and architecture","Civil engineering",20010,"Engineering managers",,
"Engineering and architecture","Civil engineering",21300,"Civil engineers",,
"Engineering and architecture","Civil engineering",22300,"Civil engineering technologists and technicians",,
"Engineering and architecture","Computer and software engineering",20010,"Engineering managers",,
"Engineering and architecture","Computer and software engineering",21230,"Computer systems developers and programmers",,
"Engineering and architecture","Computer and software engineering",21231,"Software engineers and designers",,
"Engineering and architecture","Computer and software engineering",21232,"Software developers and programmers",,
"Engineering and architecture","Computer and software engineering",21311,"Computer engineers (except software engineers and designers)",,
"Engineering and architecture","Computer and software engineering",22212,"Drafting technologists and technicians",,
"Engineering and architecture","Electrical engineering",10030,"Telecommunication carriers managers",,
"Engineering and architecture","Electrical engineering",20010,"Engineering managers",,
"Engineering and architecture","Electrical engineering",21310,"Electrical and electronics engineers",,
"Engineering and architecture","Electrical engineering",22310,"Electrical and electronics engineering technologists and technicians",,
"Engineering and architecture","Electrical engineering",90011,"Utilities managers",90011.2,"Electrical power distribution managers"
"Engineering and architecture","Electrical engineering",90011,"Utilities managers",,
"Engineering and architecture","Geological and mining engineering",20010,"Engineering managers",,
"Engineering and architecture","Geological and mining engineering",21330,"Mining engineers",,
"Engineering and architecture","Geological and mining engineering",21331,"Geological engineers",,
"Engineering and architecture","Geological and mining engineering",21332,"Petroleum engineers",,
"Engineering and architecture","Geological and mining engineering",90011,"Utilities managers",90011.1,"Water supply, pollution control, and waste systems managers"
"Engineering and architecture","Geological and mining engineering",90011,"Utilities managers",90011.3,"Natural gas and petroleum supply managers"
"Engineering and architecture","Geological and mining engineering",90011,"Utilities managers",,
"Engineering and architecture","Industrial and manufacturing engineering",20010,"Engineering managers",,
"Engineering and architecture","Industrial and manufacturing engineering",21321,"Industrial and manufacturing engineers",,
"Engineering and architecture","Industrial and manufacturing engineering",22302,"Industrial engineering and manufacturing technologists and technicians",,
"Engineering and architecture","Materials engineering",20010,"Engineering managers",,
"Engineering and architecture","Materials engineering",21322,"Metallurgical and materials engineers",,
"Engineering and architecture","Mechanical engineering",20010,"Engineering managers",,
"Engineering and architecture","Mechanical engineering",21301,"Mechanical engineers",,
"Engineering and architecture","Mechanical engineering",22301,"Mechanical engineering technologists and technicians",,
"Engineering and architecture","Other engineering",21399,"Other professional engineers",,
"Engineering and architecture","Other engineering",22230,"Non-destructive testers and inspectors",,
"Engineering and architecture","Other engineering",22231,"Engineering inspectors and regulatory officers",,
"Engineering and architecture","Other engineering",52113,"Audio and video recording technicians",,
"Engineering and architecture","Other engineering",72600,"Air pilots, flight engineers and flying instructors",,
"Engineering and architecture","Other engineering",72603,"Engineer officers, water transport",,
"Engineering and architecture","Other engineering",73310,"Railway and yard locomotive engineers",,
"Engineering and architecture","Power engineering",20010,"Engineering managers",,
"Engineering and architecture","Power engineering",90011,"Utilities managers",90011.2,"Electrical power distribution managers"
"Engineering and architecture","Power engineering",90011,"Utilities managers",90011.3,"Natural gas and petroleum supply managers"
"Engineering and architecture","Power engineering",90011,"Utilities managers",,
"Engineering and architecture","Power engineering",92100,"Power engineers and power systems operators",92100.1,"First class power engineer"
"Engineering and architecture","Power engineering",92100,"Power engineers and power systems operators",92100.2,"Second class power engineer"
"Engineering and architecture","Power engineering",92100,"Power engineers and power systems operators",92100.3,"Third class power engineer"
"Engineering and architecture","Power engineering",92100,"Power engineers and power systems operators",92100.4,"Fourth class power engineer"
"Engineering and architecture","Power engineering",92100,"Power engineers and power systems operators",92100.5,"Fifth class power engineer"
"Engineering and architecture","Power engineering",92100,"Power engineers and power systems operators",,
"Hospitality, tourism and recreation",Cleaning,62021,"Executive housekeepers",,
"Hospitality, tourism and recreation",Cleaning,62024,"Cleaning supervisors",,
"Hospitality, tourism and recreation",Cleaning,65220,"Pet groomers and animal care workers",,
"Hospitality, tourism and recreation",Cleaning,65310,"Light duty cleaners",,
"Hospitality, tourism and recreation",Cleaning,65311,"Specialized cleaners",,
"Hospitality, tourism and recreation",Cleaning,65312,"Janitors, caretakers and heavy-duty cleaners",,
"Hospitality, tourism and recreation",Cleaning,65320,"Dry cleaning, laundry and related occupations",,
"Hospitality, tourism and recreation",Clerks,13102,"Payroll administrators",,
"Hospitality, tourism and recreation",Clerks,14100,"General office support workers",,
"Hospitality, tourism and recreation",Clerks,14102,"Personnel clerks",,
"Hospitality, tourism and recreation",Clerks,14103,"Court clerks and related court services occupations",,
"Hospitality, tourism and recreation",Clerks,14111,"Data entry clerks",,
"Hospitality, tourism and recreation",Clerks,14200,"Accounting and related clerks",,
"Hospitality, tourism and recreation",Clerks,14201,"Banking, insurance and other financial clerks",,
"Hospitality, tourism and recreation",Clerks,14202,"Collection clerks",,
"Hospitality, tourism and recreation",Clerks,14300,"Library assistants and clerks",,
"Hospitality, tourism and recreation",Clerks,14301,"Correspondence, publication and regulatory clerks",,
"Hospitality, tourism and recreation",Clerks,64314,"Hotel front desk clerks",,
"Hospitality, tourism and recreation",Clerks,65100,Cashiers,,
"Hospitality, tourism and recreation",Clerks,65101,"Service station attendants",,
"Hospitality, tourism and recreation",Clerks,65102,"Store shelf stockers, clerks and order fillers",,
"Hospitality, tourism and recreation","Event planning",12103,"Conference and event planners",,
"Hospitality, tourism and recreation","Food and beverage services",60030,"Restaurant and food service managers",,
"Hospitality, tourism and recreation","Food and beverage services",62020,"Food service supervisors",,
"Hospitality, tourism and recreation","Food and beverage services",64300,"Maîtres d'hôtel and hosts/hostesses",,
"Hospitality, tourism and recreation","Food and beverage services",64301,Bartenders,,
"Hospitality, tourism and recreation","Food and beverage services",65200,"Food and beverage servers",,
"Hospitality, tourism and recreation","Food and beverage services",65201,"Food counter attendants, kitchen helpers and related support occupations",,
"Hospitality, tourism and recreation","Hotel and airline services",60031,"Accommodation service managers",,
"Hospitality, tourism and recreation","Hotel and airline services",62021,"Executive housekeepers",,
"Hospitality, tourism and recreation","Hotel and airline services",62022,"Accommodation, travel, tourism and related services supervisors",,
"Hospitality, tourism and recreation","Hotel and airline services",64311,"Pursers and flight attendants",,
"Hospitality, tourism and recreation","Hotel and airline services",64312,"Airline ticket and service agents",,
"Hospitality, tourism and recreation","Hotel and airline services",64314,"Hotel front desk clerks",,
"Hospitality, tourism and recreation","Hotel and airline services",65210,"Support occupations in accommodation, travel and facilities set-up services",,
"Hospitality, tourism and recreation","Hotel and airline services",00018,"Senior managers - public and private sector",,
"Hospitality, tourism and recreation","Recreation and sport",41406,"Recreation, sports and fitness policy researchers, consultants and program officers",,
"Hospitality, tourism and recreation","Recreation and sport",50012,"Recreation, sports and fitness program and service directors",,
"Hospitality, tourism and recreation","Recreation and sport",53200,Athletes,,
"Hospitality, tourism and recreation","Recreation and sport",53201,Coaches,,
"Hospitality, tourism and recreation","Recreation and sport",53202,"Sports officials and referees",,
"Hospitality, tourism and recreation","Recreation and sport",54100,"Program leaders and instructors in recreation, sport and fitness",,
"Hospitality, tourism and recreation","Recreation and sport",64321,"Casino workers",,
"Hospitality, tourism and recreation","Recreation and sport",64322,"Outdoor sport and recreational guides",,
"Hospitality, tourism and recreation","Recreation and sport",65211,"Operators and attendants in amusement, recreation and sport",,
"Hospitality, tourism and recreation","Service support and supervisors",12010,"Supervisors, general office and administrative support workers",,
"Hospitality, tourism and recreation","Service support and supervisors",60040,"Managers in customer and personal services",,
"Hospitality, tourism and recreation","Service support and supervisors",62022,"Accommodation, travel, tourism and related services supervisors",,
"Hospitality, tourism and recreation","Service support and supervisors",62023,"Customer and information services supervisors",,
"Hospitality, tourism and recreation","Service support and supervisors",62029,"Other services supervisors",,
"Hospitality, tourism and recreation","Service support and supervisors",64400,"Customer services representatives - financial institutions",,
"Hospitality, tourism and recreation","Service support and supervisors",64409,"Other customer and information services representatives",,
"Hospitality, tourism and recreation","Service support and supervisors",65229,"Other support occupations in personal services",,
"Hospitality, tourism and recreation","Service support and supervisors",65329,"Other service support occupations",,
"Hospitality, tourism and recreation",Tourism,62022,"Accommodation, travel, tourism and related services supervisors",,
"Hospitality, tourism and recreation",Tourism,64310,"Travel counsellors",,
"Hospitality, tourism and recreation",Tourism,64320,"Tour and travel guides",,
"Hospitality, tourism and recreation",Tourism,65210,"Support occupations in accommodation, travel and facilities set-up services",,
"Hospitality, tourism and recreation",Tourism,00018,"Senior managers - public and private sector",,
"Labour and technical skills","Agriculture, horticulture and farming",21112,"Agricultural representatives, consultants and specialists",,
"Labour and technical skills","Agriculture, horticulture and farming",22111,"Agricultural and fish products inspectors",,
"Labour and technical skills","Agriculture, horticulture and farming",22114,"Landscape and horticulture technicians and specialists",,
"Labour and technical skills","Agriculture, horticulture and farming",73202,"Pest controllers and fumigators",,
"Labour and technical skills","Agriculture, horticulture and farming",80020,"Managers in agriculture",,
"Labour and technical skills","Agriculture, horticulture and farming",80021,"Managers in horticulture",,
"Labour and technical skills","Agriculture, horticulture and farming",82030,"Agricultural service contractors and farm supervisors",,
"Labour and technical skills","Agriculture, horticulture and farming",82031,"Contractors and supervisors, landscaping, grounds maintenance and horticulture services",,
"Labour and technical skills","Agriculture, horticulture and farming",84120,"Specialized livestock workers and farm machinery operators",,
"Labour and technical skills","Agriculture, horticulture and farming",85100,"Livestock labourers",,
"Labour and technical skills","Agriculture, horticulture and farming",85101,"Harvesting labourers",,
"Labour and technical skills","Agriculture, horticulture and farming",85103,"Nursery and greenhouse labourers",,
"Labour and technical skills","Agriculture, horticulture and farming",85104,"Trappers and hunters",,
"Labour and technical skills","Agriculture, horticulture and farming",85121,"Landscaping and grounds maintenance labourers",,
"Labour and technical skills","Air and water transportation",13201,"Production and transportation logistics coordinators",,
"Labour and technical skills","Air and water transportation",14405,"Transportation route and crew schedulers",,
"Labour and technical skills","Air and water transportation",22231,"Engineering inspectors and regulatory officers",,
"Labour and technical skills","Air and water transportation",64313,"Ground and water transport ticket agents, cargo service representatives and related clerks",,
"Labour and technical skills","Air and water transportation",70020,"Managers in transportation",70020.1,"Managers in transportation operations"
"Labour and technical skills","Air and water transportation",70020,"Managers in transportation",70020.2,"Managers in transportation freight traffic"
"Labour and technical skills","Air and water transportation",70020,"Managers in transportation",,
"Labour and technical skills","Air and water transportation",72600,"Air pilots, flight engineers and flying instructors",,
"Labour and technical skills","Air and water transportation",72601,"Air traffic controllers and related occupations",,
"Labour and technical skills","Air and water transportation",72602,"Deck officers, water transport",,
"Labour and technical skills","Air and water transportation",72603,"Engineer officers, water transport",,
"Labour and technical skills","Air and water transportation",72604,"Railway traffic controllers and marine traffic regulators",,
"Labour and technical skills","Air and water transportation",74201,"Water transport deck and engine room crew",,
"Labour and technical skills","Air and water transportation",74202,"Air transport ramp attendants",,
"Labour and technical skills","Air and water transportation",75100,"Longshore workers",,
"Labour and technical skills","Air and water transportation",75210,"Boat and cable ferry operators and related occupations",,
"Labour and technical skills","Air and water transportation",93200,"Aircraft assemblers and aircraft assembly inspectors",,
"Labour and technical skills","Air and water transportation",00018,"Senior managers - public and private sector",,
"Labour and technical skills","Construction and building renovations",22233,"Construction inspectors",,
"Labour and technical skills","Construction and building renovations",22303,"Construction estimators",,
"Labour and technical skills","Construction and building renovations",70010,"Construction managers",,
"Labour and technical skills","Construction and building renovations",70011,"Home building and renovation managers",,
"Labour and technical skills","Construction and building renovations",72406,"Elevator constructors and mechanics",,
"Labour and technical skills","Construction and building renovations",73200,"Residential and commercial installers and servicers",,
"Labour and technical skills","Construction and building renovations",73201,"General building maintenance workers and building superintendents",,
"Labour and technical skills","Construction and building renovations",75110,"Construction trades helpers and labourers",75110.1,"Construction craft worker"
"Labour and technical skills","Construction and building renovations",75110,"Construction trades helpers and labourers",75110.2,"Traffic control person"
"Labour and technical skills","Construction and building renovations",75110,"Construction trades helpers and labourers",,
"Labour and technical skills","Construction and building renovations",75119,"Other trades helpers and labourers",,
"Labour and technical skills","Construction and building renovations",94103,"Concrete, clay and stone forming operators",,
"Labour and technical skills","Construction and building renovations",00018,"Senior managers - public and private sector",,
"Labour and technical skills","Crafting and repair",53124,"Artisans and craftspersons",,
"Labour and technical skills","Crafting and repair",62202,"Jewellers, jewellery and watch repairers and related occupations",,
"Labour and technical skills","Crafting and repair",63211,"Estheticians, electrologists and related occupations",,
"Labour and technical skills","Crafting and repair",63220,"Shoe repairers and shoemakers",,
"Labour and technical skills","Crafting and repair",64200,"Tailors, dressmakers, furriers and milliners",,
"Labour and technical skills","Crafting and repair",72204,"Telecommunications line and cable installers and repairers",,
"Labour and technical skills","Crafting and repair",73209,"Other repairers and servicers",,
"Labour and technical skills","Crafting and repair",74203,"Automotive and heavy truck and equipment parts installers and servicers",,
"Labour and technical skills","Fisheries and aquaculture",22111,"Agricultural and fish products inspectors",,
"Labour and technical skills","Fisheries and aquaculture",22113,"Conservation and fishery officers",,
"Labour and technical skills","Fisheries and aquaculture",80010,"Managers in natural resources production and fishing",,
"Labour and technical skills","Fisheries and aquaculture",80022,"Managers in aquaculture",,
"Labour and technical skills","Fisheries and aquaculture",83120,"Fishing masters and officers",,
"Labour and technical skills","Fisheries and aquaculture",83121,Fishermen/women,,
"Labour and technical skills","Fisheries and aquaculture",84121,"Fishing vessel deckhands",,
"Labour and technical skills","Fisheries and aquaculture",85102,"Aquaculture and marine harvest labourers",,
"Labour and technical skills","Fisheries and aquaculture",94142,"Fish and seafood plant workers",,
"Labour and technical skills","Fisheries and aquaculture",95107,"Labourers in fish and seafood processing",,
"Labour and technical skills","Food related labour",22111,"Agricultural and fish products inspectors",,
"Labour and technical skills","Food related labour",63201,"Butchers - retail and wholesale",,
"Labour and technical skills","Food related labour",65202,"Meat cutters and fishmongers - retail and wholesale",,
"Labour and technical skills","Food related labour",92012,"Supervisors, food and beverage processing",,
"Labour and technical skills","Food related labour",94140,"Process control and machine operators, food and beverage processing",,
"Labour and technical skills","Food related labour",94141,"Industrial butchers and meatcutters, poultry preparers and related workers",,
"Labour and technical skills","Food related labour",94142,"Fish and seafood plant workers",,
"Labour and technical skills","Food related labour",94143,"Testers and graders, food and beverage processing",,
"Labour and technical skills","Food related labour",95106,"Labourers in food and beverage processing",,
"Labour and technical skills","Food related labour",95107,"Labourers in fish and seafood processing",,
"Labour and technical skills","Forestry and woodwork",80010,"Managers in natural resources production and fishing",,
"Labour and technical skills","Forestry and woodwork",82010,"Supervisors, logging and forestry",,
"Labour and technical skills","Forestry and woodwork",83110,"Logging machinery operators",,
"Labour and technical skills","Forestry and woodwork",84110,"Chain saw and skidder operators",,
"Labour and technical skills","Forestry and woodwork",84111,"Silviculture and forestry workers",,
"Labour and technical skills","Forestry and woodwork",85120,"Logging and forestry labourers",,
"Labour and technical skills","Forestry and woodwork",92014,"Supervisors, forest products processing",,
"Labour and technical skills","Forestry and woodwork",94106,"Machining tool operators",,
"Labour and technical skills","Forestry and woodwork",94120,"Sawmill machine operators",,
"Labour and technical skills","Forestry and woodwork",94123,"Lumber graders and other wood processing inspectors and graders",,
"Labour and technical skills","Forestry and woodwork",94124,"Woodworking machine operators",,
"Labour and technical skills","Forestry and woodwork",94129,"Other wood processing machine operators",,
"Labour and technical skills","Forestry and woodwork",94211,"Assemblers and inspectors of other wood products",,
"Labour and technical skills","Furniture and decoration",22211,"Industrial designers",,
"Labour and technical skills","Furniture and decoration",52121,"Interior designers and interior decorators",52121.1,"Interior decorators"
"Labour and technical skills","Furniture and decoration",52121,"Interior designers and interior decorators",52121.2,"Interior designers"
"Labour and technical skills","Furniture and decoration",52121,"Interior designers and interior decorators",,
"Labour and technical skills","Furniture and decoration",92022,"Supervisors, furniture and fixtures manufacturing",,
"Labour and technical skills","Furniture and decoration",94210,"Furniture and fixture assemblers, finishers, refinishers and inspectors",,
"Labour and technical skills","Furniture and decoration",94213,"Industrial painters, coaters and metal finishing process operators",,
"Labour and technical skills","Maintenance, processing and utilities",22230,"Non-destructive testers and inspectors",,
"Labour and technical skills","Maintenance, processing and utilities",70012,"Facility operation and maintenance managers",70012.1,"Facility operation managers"
"Labour and technical skills","Maintenance, processing and utilities",70012,"Facility operation and maintenance managers",70012.2,"Maintenance managers"
"Labour and technical skills","Maintenance, processing and utilities",70012,"Facility operation and maintenance managers",,
"Labour and technical skills","Maintenance, processing and utilities",74204,"Utility maintenance workers",,
"Labour and technical skills","Maintenance, processing and utilities",74205,"Public works maintenance equipment operators and related workers",,
"Labour and technical skills","Maintenance, processing and utilities",75101,"Material handlers",,
"Labour and technical skills","Maintenance, processing and utilities",75212,"Public works and maintenance labourers",,
"Labour and technical skills","Maintenance, processing and utilities",90011,"Utilities managers",90011.1,"Water supply, pollution control, and waste systems managers"
"Labour and technical skills","Maintenance, processing and utilities",90011,"Utilities managers",90011.3,"Natural gas and petroleum supply managers"
"Labour and technical skills","Maintenance, processing and utilities",90011,"Utilities managers",,
"Labour and technical skills","Maintenance, processing and utilities",94110,"Chemical plant machine operators",,
"Labour and technical skills","Maintenance, processing and utilities",94111,"Plastics processing machine operators",,
"Labour and technical skills","Maintenance, processing and utilities",94112,"Rubber processing machine operators and related workers",,
"Labour and technical skills","Maintenance, processing and utilities",94203,"Assemblers, fabricators and inspectors, industrial electrical motors and transformers",,
"Labour and technical skills","Maintenance, processing and utilities",94204,"Mechanical assemblers and inspectors",,
"Labour and technical skills","Maintenance, processing and utilities",95102,"Labourers in chemical products processing and utilities",,
"Labour and technical skills","Maintenance, processing and utilities",00018,"Senior managers - public and private sector",,
"Labour and technical skills","Mineral and metal processing",75119,"Other trades helpers and labourers",,
"Labour and technical skills","Mineral and metal processing",80010,"Managers in natural resources production and fishing",,
"Labour and technical skills","Mineral and metal processing",92010,"Supervisors, mineral and metal processing",,
"Labour and technical skills","Mineral and metal processing",92023,"Supervisors, other mechanical and metal products manufacturing",,
"Labour and technical skills","Mineral and metal processing",93100,"Central control and process operators, mineral and metal processing",,
"Labour and technical skills","Mineral and metal processing",94100,"Machine operators, mineral and metal processing",,
"Labour and technical skills","Mineral and metal processing",94101,"Foundry workers",,
"Labour and technical skills","Mineral and metal processing",94102,"Glass forming and finishing machine operators and glass cutters",,
"Labour and technical skills","Mineral and metal processing",94104,"Inspectors and testers, mineral and metal processing",,
"Labour and technical skills","Mineral and metal processing",94105,"Metalworking and forging machine operators",,
"Labour and technical skills","Mineral and metal processing",94106,"Machining tool operators",,
"Labour and technical skills","Mineral and metal processing",94107,"Machine operators of other metal products",,
"Labour and technical skills","Mineral and metal processing",94110,"Chemical plant machine operators",,
"Labour and technical skills","Mineral and metal processing",95100,"Labourers in mineral and metal processing",,
"Labour and technical skills","Mineral and metal processing",95101,"Labourers in metal fabrication",,
"Labour and technical skills","Mining, oil and gas",72420,"Oil and solid fuel heating mechanics",,
"Labour and technical skills","Mining, oil and gas",73402,"Drillers and blasters - surface mining, quarrying and construction",,
"Labour and technical skills","Mining, oil and gas",75119,"Other trades helpers and labourers",,
"Labour and technical skills","Mining, oil and gas",80010,"Managers in natural resources production and fishing",,
"Labour and technical skills","Mining, oil and gas",82020,"Supervisors, mining and quarrying",,
"Labour and technical skills","Mining, oil and gas",82021,"Contractors and supervisors, oil and gas drilling and services",,
"Labour and technical skills","Mining, oil and gas",83100,"Underground production and development miners",,
"Labour and technical skills","Mining, oil and gas",83101,"Oil and gas well drillers, servicers, testers and related workers",,
"Labour and technical skills","Mining, oil and gas",84100,"Underground mine service and support workers",,
"Labour and technical skills","Mining, oil and gas",84101,"Oil and gas well drilling and related workers and services operators",,
"Labour and technical skills","Mining, oil and gas",85110,"Mine labourers",,
"Labour and technical skills","Mining, oil and gas",85111,"Oil and gas drilling, servicing and related labourers",,
"Labour and technical skills","Mining, oil and gas",92011,"Supervisors, petroleum, gas and chemical processing and utilities",,
"Labour and technical skills","Mining, oil and gas",93101,"Central control and process operators, petroleum, gas and chemical processing",,
"Labour and technical skills","Mining, oil and gas",00018,"Senior managers - public and private sector",,
"Labour and technical skills","Product manufacturing",75101,"Material handlers",,
"Labour and technical skills","Product manufacturing",90010,"Manufacturing managers",,
"Labour and technical skills","Product manufacturing",92013,"Supervisors, plastic and rubber products manufacturing",,
"Labour and technical skills","Product manufacturing",92015,"Supervisors, textile, fabric, fur and leather products processing and manufacturing",,
"Labour and technical skills","Product manufacturing",92021,"Supervisors, electronics and electrical products manufacturing",,
"Labour and technical skills","Product manufacturing",92022,"Supervisors, furniture and fixtures manufacturing",,
"Labour and technical skills","Product manufacturing",92023,"Supervisors, other mechanical and metal products manufacturing",,
"Labour and technical skills","Product manufacturing",92024,"Supervisors, other products manufacturing and assembly",,
"Labour and technical skills","Product manufacturing",94102,"Glass forming and finishing machine operators and glass cutters",,
"Labour and technical skills","Product manufacturing",94103,"Concrete, clay and stone forming operators",,
"Labour and technical skills","Product manufacturing",94200,"Motor vehicle assemblers, inspectors and testers",,
"Labour and technical skills","Product manufacturing",94201,"Electronics assemblers, fabricators, inspectors and testers",,
"Labour and technical skills","Product manufacturing",94202,"Assemblers and inspectors, electrical appliance, apparatus and equipment manufacturing",,
"Labour and technical skills","Product manufacturing",94205,"Machine operators and inspectors, electrical apparatus manufacturing",,
"Labour and technical skills","Product manufacturing",94212,"Plastic products assemblers, finishers and inspectors",,
"Labour and technical skills","Product manufacturing",94219,"Other products assemblers, finishers and inspectors",,
"Labour and technical skills","Product manufacturing",95104,"Labourers in rubber and plastic products manufacturing",,
"Labour and technical skills","Product manufacturing",95109,"Other labourers in processing, manufacturing and utilities",,
"Labour and technical skills","Product manufacturing",00018,"Senior managers - public and private sector",,
"Labour and technical skills","Pulp, paper and printing ",72022,"Supervisors, printing and related occupations",,
"Labour and technical skills","Pulp, paper and printing ",73401,"Printing press operators",,
"Labour and technical skills","Pulp, paper and printing ",90010,"Manufacturing managers",,
"Labour and technical skills","Pulp, paper and printing ",93102,"Pulping, papermaking and coating control operators",,
"Labour and technical skills","Pulp, paper and printing ",94121,"Pulp mill, papermaking and finishing machine operators",,
"Labour and technical skills","Pulp, paper and printing ",94122,"Paper converting machine operators",,
"Labour and technical skills","Pulp, paper and printing ",94150,"Plateless printing equipment operators",,
"Labour and technical skills","Pulp, paper and printing ",94152,"Binding and finishing machine operators",,
"Labour and technical skills","Pulp, paper and printing ",95103,"Labourers in wood, pulp and paper processing",,
"Labour and technical skills","Rail and land transportation",13201,"Production and transportation logistics coordinators",,
"Labour and technical skills","Rail and land transportation",14405,"Transportation route and crew schedulers",,
"Labour and technical skills","Rail and land transportation",22231,"Engineering inspectors and regulatory officers",,
"Labour and technical skills","Rail and land transportation",64313,"Ground and water transport ticket agents, cargo service representatives and related clerks",,
"Labour and technical skills","Rail and land transportation",70020,"Managers in transportation",70020.1,"Managers in transportation operations"
"Labour and technical skills","Rail and land transportation",70020,"Managers in transportation",70020.2,"Managers in transportation freight traffic"
"Labour and technical skills","Rail and land transportation",70020,"Managers in transportation",,
"Labour and technical skills","Rail and land transportation",72021,"Contractors and supervisors, heavy equipment operator crews",,
"Labour and technical skills","Rail and land transportation",72023,"Supervisors, railway transport operations",,
"Labour and technical skills","Rail and land transportation",72024,"Supervisors, motor transport and other ground transit operators",,
"Labour and technical skills","Rail and land transportation",72403,"Railway carmen/women",,
"Labour and technical skills","Rail and land transportation",72604,"Railway traffic controllers and marine traffic regulators",,
"Labour and technical skills","Rail and land transportation",73300,"Transport truck drivers",,
"Labour and technical skills","Rail and land transportation",73310,"Railway and yard locomotive engineers",,
"Labour and technical skills","Rail and land transportation",73311,"Railway conductors and brakemen/women",,
"Labour and technical skills","Rail and land transportation",74200,"Railway yard and track maintenance workers",,
"Labour and technical skills","Rail and land transportation",74203,"Automotive and heavy truck and equipment parts installers and servicers",,
"Labour and technical skills","Rail and land transportation",75211,"Railway and motor transport labourers",,
"Labour and technical skills","Rail and land transportation",92020,"Supervisors, motor vehicle assembling",,
"Labour and technical skills","Rail and land transportation",94200,"Motor vehicle assemblers, inspectors and testers",,
"Labour and technical skills","Rail and land transportation",94203,"Assemblers, fabricators and inspectors, industrial electrical motors and transformers",,
"Labour and technical skills","Rail and land transportation",00018,"Senior managers - public and private sector",,
"Labour and technical skills","Textile manufacturing",53125,"Patternmakers - textile, leather and fur products",,
"Labour and technical skills","Textile manufacturing",63220,"Shoe repairers and shoemakers",,
"Labour and technical skills","Textile manufacturing",63221,Upholsterers,,
"Labour and technical skills","Textile manufacturing",64200,"Tailors, dressmakers, furriers and milliners",,
"Labour and technical skills","Textile manufacturing",90010,"Manufacturing managers",,
"Labour and technical skills","Textile manufacturing",92015,"Supervisors, textile, fabric, fur and leather products processing and manufacturing",,
"Labour and technical skills","Textile manufacturing",94130,"Textile fibre and yarn, hide and pelt processing machine operators and workers",,
"Labour and technical skills","Textile manufacturing",94131,"Weavers, knitters and other fabric making occupations",,
"Labour and technical skills","Textile manufacturing",94132,"Industrial sewing machine operators",,
"Labour and technical skills","Textile manufacturing",94133,"Inspectors and graders, textile, fabric, fur and leather products manufacturing",,
"Labour and technical skills","Textile manufacturing",95105,"Labourers in textile processing and cutting",,
"Law and justice","Canadian armed forces",40042,"Commissioned officers of the Canadian Armed Forces",,
"Law and justice","Canadian armed forces",42102,"Specialized members of the Canadian Armed Forces",,
"Law and justice","Canadian armed forces",43204,"Operations members of the Canadian Armed Forces",,
"Law and justice","Canadian armed forces",44200,"Primary combat members of the Canadian Armed Forces",,
"Law and justice","Correctional services ",40030,"Managers in social, community and correctional services",,
"Law and justice","Correctional services ",41311,"Probation and parole officers",,
"Law and justice","Correctional services ",41409,"Other professional occupations in social science",41409.3,Criminologists
"Law and justice","Correctional services ",41409,"Other professional occupations in social science",,
"Law and justice","Correctional services ",43200,"Sheriffs and bailiffs",,
"Law and justice","Correctional services ",43201,"Correctional service officers",,
"Law and justice","Legal professions",12110,"Court reporters, medical transcriptionists and related occupations",12110.1,"Court reporters"
"Law and justice","Legal professions",12110,"Court reporters, medical transcriptionists and related occupations",,
"Law and justice","Legal professions",13111,"Legal administrative assistants",,
"Law and justice","Legal professions",14103,"Court clerks and related court services occupations",14103.1,"Court clerks"
"Law and justice","Legal professions",14103,"Court clerks and related court services occupations",14103.2,"Court officers "
"Law and justice","Legal professions",14103,"Court clerks and related court services occupations",14103.3,"Court administrators"
"Law and justice","Legal professions",14103,"Court clerks and related court services occupations",,
"Law and justice","Legal professions",41100,Judges,,
"Law and justice","Legal professions",41101,"Lawyers and Quebec notaries",,
"Law and justice","Legal professions",42200,"Paralegals and related occupations",42200.1,Paralegals
"Law and justice","Legal professions",42200,"Paralegals and related occupations",42200.2,"Notaries public"
"Law and justice","Legal professions",42200,"Paralegals and related occupations",42200.3,"Trademark agents"
"Law and justice","Legal professions",42200,"Paralegals and related occupations",,
"Law and justice","Police officers",40040,"Commissioned police officers and related occupations in public protection services",,
"Law and justice","Police officers",41310,"Police investigators and other investigative occupations",41310.1,"Coroners and medical examiners"
"Law and justice","Police officers",41310,"Police investigators and other investigative occupations",41310.2,"Police officers"
"Law and justice","Police officers",41310,"Police investigators and other investigative occupations",,
"Law and justice","Police officers",42100,"Police officers (except commissioned)",,
"Law and justice","Security officers",41409,"Other professional occupations in social science",41409.3,Criminologists
"Law and justice","Security officers",41409,"Other professional occupations in social science",,
"Law and justice","Security officers",43202,"By-law enforcement and other regulatory officers",43202.1,"By-law enforcement and other regulatory officers"
"Law and justice","Security officers",43202,"By-law enforcement and other regulatory officers",43202.2,"Zoning inspectors"
"Law and justice","Security officers",43202,"By-law enforcement and other regulatory officers",43202.3,"Animal control officers"
"Law and justice","Security officers",43202,"By-law enforcement and other regulatory officers",,
"Law and justice","Security officers",43203,"Border services, customs, and immigration officers",,
"Law and justice","Security officers",64410,"Security guards and related security service occupations",64410.1,"Security guards"
"Law and justice","Security officers",64410,"Security guards and related security service occupations",64410.2,"Screening officers"
"Law and justice","Security officers",64410,"Security guards and related security service occupations",64410.3,"Armoured car guards"
"Law and justice","Security officers",64410,"Security guards and related security service occupations",64410.4,"Corporate security officers"
"Law and justice","Security officers",64410,"Security guards and related security service occupations",64410.5,"Private investigators"
"Law and justice","Security officers",64410,"Security guards and related security service occupations",,
"Mathematics and technology","Computer and data science",20011,"Architecture and science managers",20011.3,"Science managers"
"Mathematics and technology","Computer and data science",20011,"Architecture and science managers",,
"Mathematics and technology","Computer and data science",21211,"Data scientists",,
"Mathematics and technology","Computer and data science",21220,"Cybersecurity specialists",,
"Mathematics and technology","Computer and data science",21223,"Database analysts and data administrators",,
"Mathematics and technology","Computer and data science",21230,"Computer systems developers and programmers",,
"Mathematics and technology","Computer and data science",21232,"Software developers and programmers",,
"Mathematics and technology","Computer and data science",21311,"Computer engineers (except software engineers and designers)",,
"Mathematics and technology","Computer and data science",22220,"Computer network and web technicians",,
"Mathematics and technology","Computer and information systems",20012,"Computer and information systems managers",,
"Mathematics and technology","Computer and information systems",21220,"Cybersecurity specialists",,
"Mathematics and technology","Computer and information systems",21221,"Business systems specialists",,
"Mathematics and technology","Computer and information systems",21222,"Information systems specialists",,
"Mathematics and technology","Computer and information systems",22221,"User support technicians",,
"Mathematics and technology","Computer and information systems",22222,"Information systems testing technicians",,
"Mathematics and technology","Mathematics and statistics",12113,"Statistical officers and related research support occupations",,
"Mathematics and technology","Mathematics and statistics",14110,"Survey interviewers and statistical clerks",,
"Mathematics and technology","Mathematics and statistics",20011,"Architecture and science managers",20011.3,"Science managers"
"Mathematics and technology","Mathematics and statistics",20011,"Architecture and science managers",,
"Mathematics and technology","Mathematics and statistics",21210,"Mathematicians, statisticians and actuaries",21210.1,"Mathematicians and statisticians"
"Mathematics and technology","Mathematics and statistics",21210,"Mathematicians, statisticians and actuaries",21210.2,Actuaries
"Mathematics and technology","Mathematics and statistics",21210,"Mathematicians, statisticians and actuaries",,
"Mathematics and technology","Mathematics and statistics",21211,"Data scientists",,
"Mathematics and technology","Web development",14112,"Desktop publishing operators and related occupations",,
"Mathematics and technology","Web development",21230,"Computer systems developers and programmers",,
"Mathematics and technology","Web development",21232,"Software developers and programmers",,
"Mathematics and technology","Web development",21233,"Web designers",,
"Mathematics and technology","Web development",21234,"Web developers and programmers",,
"Mathematics and technology","Web development",52111,"Graphic arts technicians",,
"Medicine and health",Dentistry,31110,Dentists,,
"Medicine and health",Dentistry,32110,Denturists,,
"Medicine and health",Dentistry,32111,"Dental hygienists and dental therapists",,
"Medicine and health",Dentistry,32112,"Dental technologists and technicians",,
"Medicine and health",Dentistry,33100,"Dental assistants and dental laboratory assistants",,
"Medicine and health","Dietitians and nutritionists",31121,"Dietitians and nutritionists",,
"Medicine and health","Dietitians and nutritionists",32129,"Other medical technologists and technicians",32129.1,"Dietary technicians"
"Medicine and health","Dietitians and nutritionists",32129,"Other medical technologists and technicians",,
"Medicine and health","Health care administration",12010,"Supervisors, general office and administrative support workers",,
"Medicine and health","Health care administration",12110,"Court reporters, medical transcriptionists and related occupations",12110.2,"Medical transcriptionists"
"Medicine and health","Health care administration",12110,"Court reporters, medical transcriptionists and related occupations",,
"Medicine and health","Health care administration",12111,"Health information management occupations",,
"Medicine and health","Health care administration",13112,"Medical administrative assistants",,
"Medicine and health","Health care administration",14100,"General office support workers",,
"Medicine and health","Health care administration",14101,Receptionists,14101.1,"Dental receptionists"
"Medicine and health","Health care administration",14101,Receptionists,14101.2,"Medical receptionists"
"Medicine and health","Health care administration",14101,Receptionists,,
"Medicine and health","Health care administration",30010,"Managers in health care",,
"Medicine and health","Health care administration",31303,"Physician assistants, midwives and allied health professionals",31303.2,"Physician assistants"
"Medicine and health","Health care administration",31303,"Physician assistants, midwives and allied health professionals",31303.5,"Pathologists' assistants"
"Medicine and health","Health care administration",31303,"Physician assistants, midwives and allied health professionals",,
"Medicine and health","Health care administration",33109,"Other assisting occupations in support of health services",,
"Medicine and health","Health care administration",00018,"Senior managers - public and private sector",,
"Medicine and health","Home support and care",44100,"Home child care providers",,
"Medicine and health","Home support and care",44101,"Home support workers, caregivers and related occupations",,
"Medicine and health","Medical technicians and technologists",31303,"Physician assistants, midwives and allied health professionals",31303.2,"Physician assistants"
"Medicine and health","Medical technicians and technologists",31303,"Physician assistants, midwives and allied health professionals",31303.5,"Pathologists' assistants"
"Medicine and health","Medical technicians and technologists",31303,"Physician assistants, midwives and allied health professionals",,
"Medicine and health","Medical technicians and technologists",32103,"Respiratory therapists, clinical perfusionists and cardiopulmonary technologists",32103.1,"Respiratory therapists"
"Medicine and health","Medical technicians and technologists",32103,"Respiratory therapists, clinical perfusionists and cardiopulmonary technologists",32103.2,"Clinical perfusionists "
"Medicine and health","Medical technicians and technologists",32103,"Respiratory therapists, clinical perfusionists and cardiopulmonary technologists",32103.3,"Cardiopulmonary technologists"
"Medicine and health","Medical technicians and technologists",32103,"Respiratory therapists, clinical perfusionists and cardiopulmonary technologists",32103.4,"Polysomnography technologists"
"Medicine and health","Medical technicians and technologists",32103,"Respiratory therapists, clinical perfusionists and cardiopulmonary technologists",,
"Medicine and health","Medical technicians and technologists",32109,"Other technical occupations in therapy and assessment",32109.1,"Hearing instrument practitioners"
"Medicine and health","Medical technicians and technologists",32109,"Other technical occupations in therapy and assessment",32109.2,"Speech-language pathology assistants"
"Medicine and health","Medical technicians and technologists",32109,"Other technical occupations in therapy and assessment",32109.3,"Ophthalmic technicians and technologists"
"Medicine and health","Medical technicians and technologists",32109,"Other technical occupations in therapy and assessment",32109.4,"Physiotherapy assistants and occupational therapy assistants"
"Medicine and health","Medical technicians and technologists",32109,"Other technical occupations in therapy and assessment",,
"Medicine and health","Medical technicians and technologists",32112,"Dental technologists and technicians",,
"Medicine and health","Medical technicians and technologists",32120,"Medical laboratory technologists",,
"Medicine and health","Medical technicians and technologists",32121,"Medical radiation technologists",,
"Medicine and health","Medical technicians and technologists",32122,"Medical sonographers",,
"Medicine and health","Medical technicians and technologists",32123,"Cardiology technologists and electrophysiological diagnostic technologists",32123.2,"Electroencephalographs and electromyography technologists"
"Medicine and health","Medical technicians and technologists",32123,"Cardiology technologists and electrophysiological diagnostic technologists",,
"Medicine and health","Medical technicians and technologists",32124,"Pharmacy technicians",,
"Medicine and health","Medical technicians and technologists",32129,"Other medical technologists and technicians",32129.2,"Prosthetists and orthotists"
"Medicine and health","Medical technicians and technologists",32129,"Other medical technologists and technicians",,
"Medicine and health","Medical technicians and technologists",33101,"Medical laboratory assistants and related technical occupations",,
"Medicine and health","Medical technicians and technologists",33109,"Other assisting occupations in support of health services",33109.1,"Audiometric technicians"
"Medicine and health","Medical technicians and technologists",33109,"Other assisting occupations in support of health services",33109.2,"Orthopedic technologists"
"Medicine and health","Medical technicians and technologists",33109,"Other assisting occupations in support of health services",33109.3,"Ophthalmic assistants"
"Medicine and health","Medical technicians and technologists",33109,"Other assisting occupations in support of health services",33109.4,"Medical therapy aides"
"Medicine and health","Medical technicians and technologists",33109,"Other assisting occupations in support of health services",33109.5,"Sterile processing technicians"
"Medicine and health","Medical technicians and technologists",33109,"Other assisting occupations in support of health services",33109.6,"Activity assistants"
"Medicine and health","Medical technicians and technologists",33109,"Other assisting occupations in support of health services",,
"Medicine and health","Natural and traditional medicine",32200,"Traditional Chinese medicine practitioners and acupuncturists",,
"Medicine and health","Natural and traditional medicine",32209,"Other practitioners of natural healing",,
"Medicine and health","Nursing and midwives",31300,"Nursing coordinators and supervisors",,
"Medicine and health","Nursing and midwives",31301,"Registered nurses and registered psychiatric nurses",31301.1,"Registered nurses"
"Medicine and health","Nursing and midwives",31301,"Registered nurses and registered psychiatric nurses",31301.2,"Registered psychiatric nurses"
"Medicine and health","Nursing and midwives",31301,"Registered nurses and registered psychiatric nurses",,
"Medicine and health","Nursing and midwives",31302,"Nurse practitioners",,
"Medicine and health","Nursing and midwives",31303,"Physician assistants, midwives and allied health professionals",31303.1,Midwives
"Medicine and health","Nursing and midwives",31303,"Physician assistants, midwives and allied health professionals",31303.2,"Physician assistants"
"Medicine and health","Nursing and midwives",31303,"Physician assistants, midwives and allied health professionals",31303.5,"Pathologists' assistants"
"Medicine and health","Nursing and midwives",31303,"Physician assistants, midwives and allied health professionals",,
"Medicine and health","Nursing and midwives",32101,"Licensed practical nurses",,
"Medicine and health","Nursing and midwives",33102,"Nurse aides, orderlies and patient service associates",,
"Medicine and health",Optometry,31111,Optometrists,,
"Medicine and health",Optometry,31303,"Physician assistants, midwives and allied health professionals",,
"Medicine and health",Optometry,32100,Opticians,,
"Medicine and health",Pharmacy,31120,Pharmacists,,
"Medicine and health",Pharmacy,32124,"Pharmacy technicians",,
"Medicine and health",Pharmacy,33103,"Pharmacy technical assistants and pharmacy assistants",,
"Medicine and health","Physicians and medical specialists",31100,"Specialists in clinical and laboratory medicine",,
"Medicine and health","Physicians and medical specialists",31101,"Specialists in surgery",,
"Medicine and health","Physicians and medical specialists",31102,"General practitioners and family physicians",,
"Medicine and health","Physicians and medical specialists",31209,"Other professional occupations in health diagnosing and treating",,
"Medicine and health","Physicians and medical specialists",31303,"Physician assistants, midwives and allied health professionals",,
"Medicine and health","Physicians and medical specialists",32103,"Respiratory therapists, clinical perfusionists and cardiopulmonary technologists",,
"Medicine and health","Rehabilitation services",31201,Chiropractors,,
"Medicine and health","Rehabilitation services",31202,Physiotherapists,,
"Medicine and health","Rehabilitation services",31203,"Occupational therapists",,
"Medicine and health","Rehabilitation services",31204,"Kinesiologists and other professional occupations in therapy and assessment",,
"Medicine and health","Rehabilitation services",32109,"Other technical occupations in therapy and assessment",,
"Medicine and health","Rehabilitation services",32201,"Massage therapists",,
"Medicine and health","Rehabilitation services",41301,"Therapists in counselling and related specialized therapies",,
"Medicine and health","Veterinary services",31103,Veterinarians,,
"Medicine and health","Veterinary services",32104,"Animal health technologists and veterinary technicians",,
"Medicine and health","Veterinary services",65220,"Pet groomers and animal care workers",,
"Performing, creative and fine arts",Broadcasting,50011,"Managers - publishing, motion pictures, broadcasting and performing arts",,
"Performing, creative and fine arts",Broadcasting,51113,Journalists,,
"Performing, creative and fine arts",Broadcasting,52112,"Broadcast technicians",,
"Performing, creative and fine arts",Broadcasting,52114,"Announcers and other broadcasters",,
"Performing, creative and fine arts",Broadcasting,52119,"Other technical and coordinating occupations in motion pictures, broadcasting and the performing arts",,
"Performing, creative and fine arts",Broadcasting,53111,"Motion pictures, broadcasting, photography and performing arts assistants and operators",,
"Performing, creative and fine arts",Broadcasting,00018,"Senior managers - public and private sector",,
"Performing, creative and fine arts",Dance,51120,"Producers, directors, choreographers and related occupations",51120.4,Choreographers
"Performing, creative and fine arts",Dance,51120,"Producers, directors, choreographers and related occupations",,
"Performing, creative and fine arts",Dance,53120,Dancers,,
"Performing, creative and fine arts",Design,14112,"Desktop publishing operators and related occupations",,
"Performing, creative and fine arts",Design,52111,"Graphic arts technicians",,
"Performing, creative and fine arts",Design,52120,"Graphic designers and illustrators",,
"Performing, creative and fine arts",Design,52121,"Interior designers and interior decorators",52121.1,"Interior decorators"
"Performing, creative and fine arts",Design,52121,"Interior designers and interior decorators",52121.2,"Interior designers"
"Performing, creative and fine arts",Design,52121,"Interior designers and interior decorators",,
"Performing, creative and fine arts",Design,53123,"Theatre, fashion, exhibit and other creative designers",,
"Performing, creative and fine arts",Design,94151,"Camera, platemaking and other prepress occupations",,
"Performing, creative and fine arts",Film,50011,"Managers - publishing, motion pictures, broadcasting and performing arts",,
"Performing, creative and fine arts",Film,51120,"Producers, directors, choreographers and related occupations",51120.1,"Producers, directors, and film editors"
"Performing, creative and fine arts",Film,51120,"Producers, directors, choreographers and related occupations",,
"Performing, creative and fine arts",Film,52110,"Film and video camera operators",,
"Performing, creative and fine arts",Film,52113,"Audio and video recording technicians",,
"Performing, creative and fine arts",Film,52119,"Other technical and coordinating occupations in motion pictures, broadcasting and the performing arts",,
"Performing, creative and fine arts",Film,53111,"Motion pictures, broadcasting, photography and performing arts assistants and operators",,
"Performing, creative and fine arts",Film,94153,"Photographic and film processors",,
"Performing, creative and fine arts",Music,51120,"Producers, directors, choreographers and related occupations",51120.3,"Record producers"
"Performing, creative and fine arts",Music,51120,"Producers, directors, choreographers and related occupations",,
"Performing, creative and fine arts",Music,51121,"Conductors, composers and arrangers",,
"Performing, creative and fine arts",Music,51122,"Musicians and singers",,
"Performing, creative and fine arts",Music,52113,"Audio and video recording technicians",,
"Performing, creative and fine arts",Photography,50011,"Managers - publishing, motion pictures, broadcasting and performing arts",,
"Performing, creative and fine arts",Photography,51120,"Producers, directors, choreographers and related occupations",51120.2,"Directors of photography"
"Performing, creative and fine arts",Photography,51120,"Producers, directors, choreographers and related occupations",,
"Performing, creative and fine arts",Photography,52110,"Film and video camera operators",,
"Performing, creative and fine arts",Photography,52119,"Other technical and coordinating occupations in motion pictures, broadcasting and the performing arts",,
"Performing, creative and fine arts",Photography,53110,Photographers,,
"Performing, creative and fine arts",Photography,53111,"Motion pictures, broadcasting, photography and performing arts assistants and operators",,
"Performing, creative and fine arts",Photography,94151,"Camera, platemaking and other prepress occupations",,
"Performing, creative and fine arts",Photography,94153,"Photographic and film processors",,
"Performing, creative and fine arts","Theatre and performing arts",50011,"Managers - publishing, motion pictures, broadcasting and performing arts",,
"Performing, creative and fine arts","Theatre and performing arts",52119,"Other technical and coordinating occupations in motion pictures, broadcasting and the performing arts",,
"Performing, creative and fine arts","Theatre and performing arts",53111,"Motion pictures, broadcasting, photography and performing arts assistants and operators",,
"Performing, creative and fine arts","Theatre and performing arts",53121,"Actors, comedians and circus performers",,
"Performing, creative and fine arts","Theatre and performing arts",55109,"Other performers",,
"Performing, creative and fine arts","Visual arts",53122,"Painters, sculptors and other visual artists",,
"Performing, creative and fine arts","Writing ",14301,"Correspondence, publication and regulatory clerks",,
"Performing, creative and fine arts","Writing ",51110,Editors,,
"Performing, creative and fine arts","Writing ",51111,"Authors and writers (except technical)",,
"Performing, creative and fine arts","Writing ",51112,"Technical writers",,
"Performing, creative and fine arts","Writing ",51113,Journalists,,
"Physical and natural sciences",Aerospace,22313,"Aircraft instrument, electrical and avionics mechanics, technicians and inspectors",,
"Physical and natural sciences",Aerospace,72404,"Aircraft mechanics and aircraft inspectors",,
"Physical and natural sciences","Atmospheric science",20011,"Architecture and science managers",20011.3,"Science managers"
"Physical and natural sciences","Atmospheric science",20011,"Architecture and science managers",,
"Physical and natural sciences","Atmospheric science",21103,"Meteorologists and climatologists",,
"Physical and natural sciences","Atmospheric science",21109,"Other professional occupations in physical sciences",,
"Physical and natural sciences","Atmospheric science",22214,"Technical occupations in geomatics and meteorology",22214.1,"Geomatics technologists"
"Physical and natural sciences","Atmospheric science",22214,"Technical occupations in geomatics and meteorology",22214.2,"Meteorological technicians"
"Physical and natural sciences","Atmospheric science",22214,"Technical occupations in geomatics and meteorology",,
"Physical and natural sciences",Biology,20011,"Architecture and science managers",20011.3,"Science managers"
"Physical and natural sciences",Biology,20011,"Architecture and science managers",,
"Physical and natural sciences",Biology,21109,"Other professional occupations in physical sciences",,
"Physical and natural sciences",Biology,21110,"Biologists and related scientists",21110.1,Biologists
"Physical and natural sciences",Biology,21110,"Biologists and related scientists",21110.2,"Research scientists in biology"
"Physical and natural sciences",Biology,21110,"Biologists and related scientists",,
"Physical and natural sciences",Biology,22110,"Biological technologists and technicians",,
"Physical and natural sciences",Chemistry,20011,"Architecture and science managers",20011.3,"Science managers"
"Physical and natural sciences",Chemistry,20011,"Architecture and science managers",,
"Physical and natural sciences",Chemistry,21101,Chemists,,
"Physical and natural sciences",Chemistry,21109,"Other professional occupations in physical sciences",,
"Physical and natural sciences",Chemistry,22100,"Chemical technologists and technicians",,
"Physical and natural sciences","Earth and ocean science",20011,"Architecture and science managers",20011.3,"Science managers"
"Physical and natural sciences","Earth and ocean science",20011,"Architecture and science managers",,
"Physical and natural sciences","Earth and ocean science",21102,"Geoscientists and oceanographers",21102.1,Geoscientists
"Physical and natural sciences","Earth and ocean science",21102,"Geoscientists and oceanographers",21102.2,Oceanographers
"Physical and natural sciences","Earth and ocean science",21102,"Geoscientists and oceanographers",,
"Physical and natural sciences","Earth and ocean science",21109,"Other professional occupations in physical sciences",,
"Physical and natural sciences","Earth and ocean science",22101,"Geological and mineral technologists and technicians",,
"Physical and natural sciences","Earth and ocean science",22214,"Technical occupations in geomatics and meteorology",22214.1,"Geomatics technologists"
"Physical and natural sciences","Earth and ocean science",22214,"Technical occupations in geomatics and meteorology",22214.2,"Meteorological technicians"
"Physical and natural sciences","Earth and ocean science",22214,"Technical occupations in geomatics and meteorology",,
"Physical and natural sciences","Earth and ocean science",41409,"Other professional occupations in social science",41409.4,Geographers
"Physical and natural sciences","Earth and ocean science",41409,"Other professional occupations in social science",,
"Physical and natural sciences","Environment and conservation",20011,"Architecture and science managers",20011.3,"Science managers"
"Physical and natural sciences","Environment and conservation",20011,"Architecture and science managers",,
"Physical and natural sciences","Environment and conservation",21103,"Meteorologists and climatologists",,
"Physical and natural sciences","Environment and conservation",22113,"Conservation and fishery officers",,
"Physical and natural sciences","Environment and conservation",41400,"Natural and applied science policy researchers, consultants and program officers",,
"Physical and natural sciences","Environment and conservation",41409,"Other professional occupations in social science",41409.4,Geographers
"Physical and natural sciences","Environment and conservation",41409,"Other professional occupations in social science",,
"Physical and natural sciences","Environment and conservation",92101,"Water and waste treatment plant operators",,
"Physical and natural sciences","Forestry sciences",20011,"Architecture and science managers",20011.3,"Science managers"
"Physical and natural sciences","Forestry sciences",20011,"Architecture and science managers",,
"Physical and natural sciences","Forestry sciences",21111,"Forestry professionals",,
"Physical and natural sciences","Forestry sciences",22112,"Forestry technologists and technicians",,
"Physical and natural sciences","Physics and astronomy",20011,"Architecture and science managers",20011.3,"Science managers"
"Physical and natural sciences","Physics and astronomy",20011,"Architecture and science managers",,
"Physical and natural sciences","Physics and astronomy",21100,"Physicists and astronomers",21100.1,Physicists
"Physical and natural sciences","Physics and astronomy",21100,"Physicists and astronomers",21100.2,Astronomers
"Physical and natural sciences","Physics and astronomy",21100,"Physicists and astronomers",,
"Physical and natural sciences","Physics and astronomy",21109,"Other professional occupations in physical sciences",,
Trades,"Appliance repair and assembly",14401,"Storekeepers and partspersons",,
Trades,"Appliance repair and assembly",22311,"Electronic service technicians (household and business equipment)",,
Trades,"Appliance repair and assembly",72014,"Contractors and supervisors, other construction trades, installers, repairers and servicers",,
Trades,"Appliance repair and assembly",72020,"Contractors and supervisors, mechanic trades",,
Trades,"Appliance repair and assembly",72402,"Heating, refrigeration and air conditioning mechanics",,
Trades,"Appliance repair and assembly",72421,"Appliance servicers and repairers",,
Trades,"Appliance repair and assembly",72429,"Other small engine and small equipment repairers",,
Trades,Automotive,72020,"Contractors and supervisors, mechanic trades",,
Trades,Automotive,72410,"Automotive service technicians, truck and bus mechanics and mechanical repairers",72410.1,"Automotive service technicians"
Trades,Automotive,72410,"Automotive service technicians, truck and bus mechanics and mechanical repairers",72410.2,"Truck and transport mechanics"
Trades,Automotive,72410,"Automotive service technicians, truck and bus mechanics and mechanical repairers",72410.3,"Transport trailer technicians"
Trades,Automotive,72410,"Automotive service technicians, truck and bus mechanics and mechanical repairers",,
Trades,Automotive,72411,"Auto body collision, refinishing and glass technicians and damage repair estimators",,
Trades,Automotive,72423,"Motorcycle, all-terrain vehicle and other related mechanics",72423.1,"Motorcycle technician"
Trades,Automotive,72423,"Motorcycle, all-terrain vehicle and other related mechanics",72423.2,"Recreational vehicle service technician"
Trades,Automotive,72423,"Motorcycle, all-terrain vehicle and other related mechanics",,
Trades,"Construction ",22233,"Construction inspectors",,
Trades,"Construction ",22303,"Construction estimators",,
Trades,"Construction ",72010,"Contractors and supervisors, machining, metal forming, shaping and erecting trades and related occupations",,
Trades,"Construction ",72013,"Contractors and supervisors, carpentry trades",,
Trades,"Construction ",72014,"Contractors and supervisors, other construction trades, installers, repairers and servicers",,
Trades,"Construction ",72100,"Machinists and machining and tooling inspectors",,
Trades,"Construction ",72101,"Tool and die makers",,
Trades,"Construction ",72310,Carpenters,,
Trades,"Construction ",72311,Cabinetmakers,,
Trades,"Construction ",72320,Bricklayers,,
Trades,"Construction ",72321,Insulators,,
Trades,"Construction ",72400,"Construction millwrights and industrial mechanics",,
Trades,"Construction ",72405,"Machine fitters",,
Trades,"Construction ",73100,"Concrete finishers",,
Trades,"Construction ",73101,Tilesetters,,
Trades,"Construction ",73102,"Plasterers, drywall installers and finishers and lathers",,
Trades,"Construction ",73110,"Roofers and shinglers",,
Trades,"Construction ",73111,Glaziers,,
Trades,"Construction ",73112,"Painters and decorators (except interior decorators)",,
Trades,"Construction ",73113,"Floor covering installers",,
Trades,"Construction ",73201,"General building maintenance workers and building superintendents",,
Trades,"Construction ",75110,"Construction trades helpers and labourers",,
Trades,"Culinary arts",62200,Chefs,,
Trades,"Culinary arts",63200,Cooks,63200.1,"Cooks - Level 1"
Trades,"Culinary arts",63200,Cooks,63200.2,"Cooks - Level 2"
Trades,"Culinary arts",63200,Cooks,63200.3,"Cooks - Level 3"
Trades,"Culinary arts",63200,Cooks,,
Trades,"Culinary arts",63202,Bakers,,
Trades,"Culinary arts",65202,"Meat cutters and fishmongers - retail and wholesale",,
Trades,"Culinary arts",94141,"Industrial butchers and meat cutters, poultry preparers and related workers",,
Trades,"Electrical ",22233,"Construction inspectors",,
Trades,"Electrical ",22303,"Construction estimators",,
Trades,"Electrical ",72011,"Contractors and supervisors, electrical trades and telecommunications occupations",,
Trades,"Electrical ",72200,"Electricians (except industrial and power system)",,
Trades,"Electrical ",72201,"Industrial electricians",,
Trades,"Electrical ",72202,"Power system electricians",,
Trades,"Electrical ",72203,"Electrical power line and cable workers",,
Trades,"Electrical ",72204,"Telecommunications line and cable installers and repairers",,
Trades,"Electrical ",72205,"Telecommunications equipment installation and cable television service technicians",,
Trades,"Electrical ",72422,"Electrical mechanics",,
Trades,"Equipment operation",22312,"Industrial instrument technicians and mechanics",,
Trades,"Equipment operation",72020,"Contractors and supervisors, mechanic trades",,
Trades,"Equipment operation",72021,"Contractors and supervisors, heavy equipment operator crews",,
Trades,"Equipment operation",72400,"Construction millwrights and industrial mechanics",,
Trades,"Equipment operation",72401,"Heavy-duty equipment mechanics",72401.2,"Diesel engine mechanics"
Trades,"Equipment operation",72401,"Heavy-duty equipment mechanics",,
Trades,"Equipment operation",72500,"Crane operators",,
Trades,"Equipment operation",73400,"Heavy equipment operators",,
Trades,Hairstyling,63210,"Hairstylists and barbers",,
Trades,Horticulture,22114,"Landscape and horticulture technicians and specialists",,
Trades,Horticulture,80021,"Managers in horticulture",,
Trades,"Other trades",62201,"Funeral directors and embalmers",,
Trades,"Other trades",72999,"Other technical trades and related occupations",72999.1,"Saw filers"
Trades,"Other trades",72999,"Other technical trades and related occupations",72999.2,"Commercial divers"
Trades,"Other trades",72999,"Other technical trades and related occupations",72999.3,Locksmiths
Trades,"Other trades",72999,"Other technical trades and related occupations",72999.4,Blacksmiths
Trades,"Other trades",72999,"Other technical trades and related occupations",72999.5,Farriers
Trades,"Other trades",72999,"Other technical trades and related occupations",,
Trades,"Piping, gas and water",22233,"Construction inspectors",,
Trades,"Piping, gas and water",22303,"Construction estimators",,
Trades,"Piping, gas and water",72012,"Contractors and supervisors, pipefitting trades",,
Trades,"Piping, gas and water",72021,"Contractors and supervisors, heavy equipment operator crews",,
Trades,"Piping, gas and water",72103,Boilermakers,,
Trades,"Piping, gas and water",72300,Plumbers,,
Trades,"Piping, gas and water",72301,"Steamfitters, pipefitters and sprinkler system installers",72301.1,Steamfitters/pipefitters
Trades,"Piping, gas and water",72301,"Steamfitters, pipefitters and sprinkler system installers",72301.2,"Sprinkler fitters"
Trades,"Piping, gas and water",72301,"Steamfitters, pipefitters and sprinkler system installers",,
Trades,"Piping, gas and water",72302,"Gas fitters",72302.1,"Gas fitters (Class B)"
Trades,"Piping, gas and water",72302,"Gas fitters",72302.2,"Gas fitters (Class A)"
Trades,"Piping, gas and water",72302,"Gas fitters",,
Trades,"Piping, gas and water",72501,"Water well drillers",,
Trades,"Welding and metalwork",72010,"Contractors and supervisors, machining, metal forming, shaping and erecting trades and related occupations",,
Trades,"Welding and metalwork",72102,"Sheet metal workers",,
Trades,"Welding and metalwork",72104,"Structural metal and platework fabricators and fitters",,
Trades,"Welding and metalwork",72105,Ironworkers,,
Trades,"Welding and metalwork",72106,"Welders and related machine operators",72106.1,"Welders and related machine operators"
Trades,"Welding and metalwork",72106,"Welders and related machine operators",72106.2,"Multi-process alloy welders"
Trades,"Welding and metalwork",72106,"Welders and related machine operators",72106.3,"Pressure welders"
Trades,"Welding and metalwork",72106,"Welders and related machine operators",,
